Date,Time,Symbol,Source (Live/Historical),Market (Pre-Market/In-Market),is_premarket (DB),source (DB)
2026-06-26,03:42,SPX,Live,Pre-Market,1,gex
2026-06-25,05:28,SPX,Live,Pre-Market,1,gex
2026-06-25,07:51,SPX,Live,Pre-Market,1,gex
2026-06-25,09:30,SPX,Historical,In-Market,0,histgex
2026-06-25,10:00,SPX,Historical,In-Market,0,histgex
2026-06-25,10:01,SPX,Live,In-Market,0,gex
2026-06-25,10:30,SPX,Historical,In-Market,0,histgex
2026-06-25,10:32,SPX,Live,In-Market,0,gex
2026-06-25,10:58,SPX,Live,In-Market,0,gex
2026-06-25,11:00,SPX,Historical,In-Market,0,histgex
2026-06-25,11:30,SPX,Historical,In-Market,0,histgex
2026-06-25,11:35,SPX,Live,In-Market,0,gex
2026-06-25,12:00,SPX,Historical,In-Market,0,histgex
2026-06-25,12:30,SPX,Historical,In-Market,0,histgex
2026-06-25,13:00,SPX,Historical,In-Market,0,histgex
2026-06-25,13:30,SPX,Historical,In-Market,0,histgex
2026-06-25,14:00,SPX,Historical,In-Market,0,histgex
2026-06-25,14:30,SPX,Historical,In-Market,0,histgex
2026-06-25,15:30,SPX,Historical,In-Market,0,histgex
2026-06-24,03:11,SPX,Live,Pre-Market,1,gex
2026-06-24,03:18,SPX,Live,Pre-Market,1,gex
2026-06-24,03:23,SPX,Live,Pre-Market,1,gex
2026-06-24,09:30,SPX,Historical,In-Market,0,histgex
2026-06-24,10:00,SPX,Historical,In-Market,0,histgex
2026-06-24,10:30,SPX,Historical,In-Market,0,histgex
2026-06-24,10:42,SPX,Live,In-Market,0,gex
2026-06-24,11:00,SPX,Historical,In-Market,0,histgex
2026-06-24,11:30,SPX,Historical,In-Market,0,histgex
2026-06-24,12:00,SPX,Historical,In-Market,0,histgex
2026-06-24,12:30,SPX,Historical,In-Market,0,histgex
2026-06-24,13:00,SPX,Historical,In-Market,0,histgex
2026-06-24,13:30,SPX,Historical,In-Market,0,histgex
2026-06-24,14:00,SPX,Historical,In-Market,0,histgex
2026-06-24,14:30,SPX,Historical,In-Market,0,histgex
2026-06-24,15:00,SPX,Historical,In-Market,0,histgex
2026-06-24,15:30,SPX,Historical,In-Market,0,histgex
2026-06-23,08:32,SPX,Live,Pre-Market,1,gex
2026-06-23,09:26,SPX,Live,Pre-Market,1,gex
2026-06-23,09:30,SPX,Historical,In-Market,0,histgex
2026-06-23,09:40,SPX,Live,In-Market,0,gex
2026-06-23,10:00,SPX,Historical,In-Market,0,histgex
2026-06-23,10:20,SPX,Live,In-Market,0,gex
2026-06-23,10:30,SPX,Historical,In-Market,0,histgex
2026-06-23,10:38,SPX,Live,In-Market,0,gex
2026-06-23,11:00,SPX,Historical,In-Market,0,histgex
2026-06-23,11:12,SPX,Live,In-Market,0,gex
2026-06-23,11:30,SPX,Historical,In-Market,0,histgex
2026-06-23,11:59,SPX,Live,In-Market,0,gex
2026-06-23,12:00,SPX,Historical,In-Market,0,histgex
2026-06-23,12:30,SPX,Historical,In-Market,0,histgex
2026-06-23,13:00,SPX,Historical,In-Market,0,histgex
2026-06-23,13:30,SPX,Historical,In-Market,0,histgex
2026-06-23,14:00,SPX,Historical,In-Market,0,histgex
2026-06-23,14:30,SPX,Historical,In-Market,0,histgex
2026-06-23,15:00,SPX,Historical,In-Market,0,histgex
2026-06-23,15:30,SPX,Historical,In-Market,0,histgex
2026-06-22,03:18,SPX,Live,Pre-Market,1,gex
2026-06-22,03:56,SPX,Live,Pre-Market,1,gex
2026-06-22,05:54,SPX,Live,Pre-Market,1,gex
2026-06-22,09:22,SPX,Live,Pre-Market,1,gex
2026-06-22,09:30,SPX,Historical,In-Market,0,histgex
2026-06-22,09:31,SPX,Live,In-Market,0,gex
2026-06-22,10:00,SPX,Historical,In-Market,0,histgex
2026-06-22,10:30,SPX,Historical,In-Market,0,histgex
2026-06-22,11:00,SPX,Historical,In-Market,0,histgex
2026-06-22,11:30,SPX,Historical,In-Market,0,histgex
2026-06-22,11:34,SPX,Live,In-Market,0,gex
2026-06-22,12:00,SPX,Historical,In-Market,0,histgex
2026-06-22,12:30,SPX,Historical,In-Market,0,histgex
2026-06-22,13:00,SPX,Historical,In-Market,0,histgex
2026-06-22,13:30,SPX,Historical,In-Market,0,histgex
2026-06-22,14:00,SPX,Historical,In-Market,0,histgex
2026-06-22,14:30,SPX,Historical,In-Market,0,histgex
2026-06-22,15:00,SPX,Historical,In-Market,0,histgex
2026-06-22,15:30,SPX,Historical,In-Market,0,histgex
2026-06-18,09:30,SPX,Historical,In-Market,0,histgex
2026-06-18,10:00,SPX,Historical,In-Market,0,histgex
2026-06-18,10:30,SPX,Historical,In-Market,0,histgex
2026-06-18,11:00,SPX,Historical,In-Market,0,histgex
2026-06-18,11:30,SPX,Historical,In-Market,0,histgex
2026-06-18,12:00,SPX,Historical,In-Market,0,histgex
2026-06-18,12:30,SPX,Historical,In-Market,0,histgex
2026-06-18,13:00,SPX,Historical,In-Market,0,histgex
2026-06-18,13:30,SPX,Historical,In-Market,0,histgex
2026-06-18,14:00,SPX,Historical,In-Market,0,histgex
2026-06-18,14:30,SPX,Historical,In-Market,0,histgex
2026-06-18,15:00,SPX,Historical,In-Market,0,histgex
2026-06-18,15:30,SPX,Historical,In-Market,0,histgex
2026-06-17,09:30,SPX,Historical,In-Market,0,histgex
2026-06-17,10:00,SPX,Historical,In-Market,0,histgex
2026-06-17,10:30,SPX,Historical,In-Market,0,histgex
2026-06-17,11:00,SPX,Historical,In-Market,0,histgex
2026-06-17,11:30,SPX,Historical,In-Market,0,histgex
2026-06-17,12:00,SPX,Historical,In-Market,0,histgex
2026-06-17,12:30,SPX,Historical,In-Market,0,histgex
2026-06-17,13:00,SPX,Historical,In-Market,0,histgex
2026-06-17,13:30,SPX,Historical,In-Market,0,histgex
2026-06-17,14:00,SPX,Historical,In-Market,0,histgex
2026-06-17,14:30,SPX,Historical,In-Market,0,histgex
2026-06-17,15:00,SPX,Historical,In-Market,0,histgex
2026-06-17,15:30,SPX,Historical,In-Market,0,histgex
2026-06-17,15:55,SPX,Live,In-Market,0,gex
2026-06-16,09:30,SPX,Historical,In-Market,0,histgex
2026-06-16,10:00,SPX,Historical,In-Market,0,histgex
2026-06-16,10:30,SPX,Historical,In-Market,0,histgex
2026-06-16,11:00,SPX,Historical,In-Market,0,histgex
2026-06-16,11:30,SPX,Historical,In-Market,0,histgex
2026-06-16,12:00,SPX,Historical,In-Market,0,histgex
2026-06-16,12:30,SPX,Historical,In-Market,0,histgex
2026-06-16,13:00,SPX,Historical,In-Market,0,histgex
2026-06-16,13:30,SPX,Historical,In-Market,0,histgex
2026-06-16,14:00,SPX,Historical,In-Market,0,histgex
2026-06-16,14:30,SPX,Historical,In-Market,0,histgex
2026-06-16,15:00,SPX,Historical,In-Market,0,histgex
2026-06-16,15:30,SPX,Historical,In-Market,0,histgex
2026-06-15,09:30,SPX,Historical,In-Market,0,histgex
2026-06-15,10:00,SPX,Historical,In-Market,0,histgex
2026-06-15,10:30,SPX,Historical,In-Market,0,histgex
2026-06-15,11:00,SPX,Historical,In-Market,0,histgex
2026-06-15,11:30,SPX,Historical,In-Market,0,histgex
2026-06-15,12:00,SPX,Historical,In-Market,0,histgex
2026-06-15,12:30,SPX,Historical,In-Market,0,histgex
2026-06-15,13:00,SPX,Historical,In-Market,0,histgex
2026-06-15,13:30,SPX,Historical,In-Market,0,histgex
2026-06-15,14:00,SPX,Historical,In-Market,0,histgex
2026-06-15,14:30,SPX,Historical,In-Market,0,histgex
2026-06-15,15:00,SPX,Historical,In-Market,0,histgex
2026-06-15,15:30,SPX,Historical,In-Market,0,histgex
2026-06-12,09:30,SPX,Historical,In-Market,0,histgex
2026-06-12,10:00,SPX,Historical,In-Market,0,histgex
2026-06-12,10:30,SPX,Historical,In-Market,0,histgex
2026-06-12,11:00,SPX,Historical,In-Market,0,histgex
2026-06-12,11:30,SPX,Historical,In-Market,0,histgex
2026-06-12,12:00,SPX,Historical,In-Market,0,histgex
2026-06-12,12:30,SPX,Historical,In-Market,0,histgex
2026-06-12,13:00,SPX,Historical,In-Market,0,histgex
2026-06-12,13:30,SPX,Historical,In-Market,0,histgex
2026-06-12,14:00,SPX,Historical,In-Market,0,histgex
2026-06-12,14:30,SPX,Historical,In-Market,0,histgex
2026-06-12,15:00,SPX,Historical,In-Market,0,histgex
2026-06-12,15:30,SPX,Historical,In-Market,0,histgex
2026-06-11,09:30,SPX,Historical,In-Market,0,histgex
2026-06-11,10:00,SPX,Historical,In-Market,0,histgex
2026-06-11,10:30,SPX,Historical,In-Market,0,histgex
2026-06-11,11:00,SPX,Historical,In-Market,0,histgex
2026-06-11,11:30,SPX,Historical,In-Market,0,histgex
2026-06-11,12:00,SPX,Historical,In-Market,0,histgex
2026-06-11,12:30,SPX,Historical,In-Market,0,histgex
2026-06-11,13:00,SPX,Historical,In-Market,0,histgex
2026-06-11,13:30,SPX,Historical,In-Market,0,histgex
2026-06-11,14:00,SPX,Historical,In-Market,0,histgex
2026-06-11,14:30,SPX,Historical,In-Market,0,histgex
2026-06-11,15:00,SPX,Historical,In-Market,0,histgex
2026-06-11,15:30,SPX,Historical,In-Market,0,histgex
2026-06-10,09:30,SPX,Historical,In-Market,0,histgex
2026-06-10,10:00,SPX,Historical,In-Market,0,histgex
2026-06-10,10:30,SPX,Historical,In-Market,0,histgex
2026-06-10,11:00,SPX,Historical,In-Market,0,histgex
2026-06-10,11:30,SPX,Historical,In-Market,0,histgex
2026-06-10,12:00,SPX,Historical,In-Market,0,histgex
2026-06-10,12:30,SPX,Historical,In-Market,0,histgex
2026-06-10,13:00,SPX,Historical,In-Market,0,histgex
2026-06-10,13:30,SPX,Historical,In-Market,0,histgex
2026-06-10,14:00,SPX,Historical,In-Market,0,histgex
2026-06-10,14:30,SPX,Historical,In-Market,0,histgex
2026-06-10,15:00,SPX,Historical,In-Market,0,histgex
2026-06-10,15:30,SPX,Historical,In-Market,0,histgex
2026-06-09,09:30,SPX,Historical,In-Market,0,histgex
2026-06-09,10:00,SPX,Historical,In-Market,0,histgex
2026-06-09,10:30,SPX,Historical,In-Market,0,histgex
2026-06-09,11:00,SPX,Historical,In-Market,0,histgex
2026-06-09,11:30,SPX,Historical,In-Market,0,histgex
2026-06-09,12:00,SPX,Historical,In-Market,0,histgex
2026-06-09,12:30,SPX,Historical,In-Market,0,histgex
2026-06-09,13:00,SPX,Historical,In-Market,0,histgex
2026-06-09,13:30,SPX,Historical,In-Market,0,histgex
2026-06-09,14:00,SPX,Historical,In-Market,0,histgex
2026-06-09,14:30,SPX,Historical,In-Market,0,histgex
2026-06-09,15:00,SPX,Historical,In-Market,0,histgex
2026-06-09,15:30,SPX,Historical,In-Market,0,histgex
2026-06-08,09:30,SPX,Historical,In-Market,0,histgex
2026-06-08,10:00,SPX,Historical,In-Market,0,histgex
2026-06-08,10:30,SPX,Historical,In-Market,0,histgex
2026-06-08,11:00,SPX,Historical,In-Market,0,histgex
2026-06-08,11:30,SPX,Historical,In-Market,0,histgex
2026-06-08,12:00,SPX,Historical,In-Market,0,histgex
2026-06-08,12:30,SPX,Historical,In-Market,0,histgex
2026-06-08,13:00,SPX,Historical,In-Market,0,histgex
2026-06-08,13:30,SPX,Historical,In-Market,0,histgex
2026-06-08,14:00,SPX,Historical,In-Market,0,histgex
2026-06-08,14:30,SPX,Historical,In-Market,0,histgex
2026-06-08,15:00,SPX,Historical,In-Market,0,histgex
2026-06-08,15:30,SPX,Historical,In-Market,0,histgex
2026-06-05,09:30,SPX,Historical,In-Market,0,histgex
2026-06-05,10:00,SPX,Historical,In-Market,0,histgex
2026-06-05,10:30,SPX,Historical,In-Market,0,histgex
2026-06-05,11:00,SPX,Historical,In-Market,0,histgex
2026-06-05,11:30,SPX,Historical,In-Market,0,histgex
2026-06-05,12:00,SPX,Historical,In-Market,0,histgex
2026-06-05,12:30,SPX,Historical,In-Market,0,histgex
2026-06-05,13:00,SPX,Historical,In-Market,0,histgex
2026-06-05,13:30,SPX,Historical,In-Market,0,histgex
2026-06-05,14:00,SPX,Historical,In-Market,0,histgex
2026-06-05,14:30,SPX,Historical,In-Market,0,histgex
2026-06-05,15:00,SPX,Historical,In-Market,0,histgex
2026-06-05,15:30,SPX,Historical,In-Market,0,histgex
2026-06-04,09:30,SPX,Historical,In-Market,0,histgex
2026-06-04,10:00,SPX,Historical,In-Market,0,histgex
2026-06-04,10:30,SPX,Historical,In-Market,0,histgex
2026-06-04,11:00,SPX,Historical,In-Market,0,histgex
2026-06-04,11:30,SPX,Historical,In-Market,0,histgex
2026-06-04,12:00,SPX,Historical,In-Market,0,histgex
2026-06-04,12:30,SPX,Historical,In-Market,0,histgex
2026-06-04,13:00,SPX,Historical,In-Market,0,histgex
2026-06-04,13:30,SPX,Historical,In-Market,0,histgex
2026-06-04,14:00,SPX,Historical,In-Market,0,histgex
2026-06-04,14:30,SPX,Historical,In-Market,0,histgex
2026-06-04,15:00,SPX,Historical,In-Market,0,histgex
2026-06-04,15:30,SPX,Historical,In-Market,0,histgex
2026-06-03,09:30,SPX,Historical,In-Market,0,histgex
2026-06-03,10:00,SPX,Historical,In-Market,0,histgex
2026-06-03,10:30,SPX,Historical,In-Market,0,histgex
2026-06-03,11:00,SPX,Historical,In-Market,0,histgex
2026-06-03,11:30,SPX,Historical,In-Market,0,histgex
2026-06-03,12:00,SPX,Historical,In-Market,0,histgex
2026-06-03,12:30,SPX,Historical,In-Market,0,histgex
2026-06-03,13:00,SPX,Historical,In-Market,0,histgex
2026-06-03,13:30,SPX,Historical,In-Market,0,histgex
2026-06-03,14:00,SPX,Historical,In-Market,0,histgex
2026-06-03,14:30,SPX,Historical,In-Market,0,histgex
2026-06-03,15:00,SPX,Historical,In-Market,0,histgex
2026-06-03,15:30,SPX,Historical,In-Market,0,histgex
2026-06-02,09:30,SPX,Historical,In-Market,0,histgex
2026-06-02,10:00,SPX,Historical,In-Market,0,histgex
2026-06-02,10:30,SPX,Historical,In-Market,0,histgex
2026-06-02,11:00,SPX,Historical,In-Market,0,histgex
2026-06-02,11:30,SPX,Historical,In-Market,0,histgex
2026-06-02,12:00,SPX,Historical,In-Market,0,histgex
2026-06-02,12:30,SPX,Historical,In-Market,0,histgex
2026-06-02,13:00,SPX,Historical,In-Market,0,histgex
2026-06-02,13:30,SPX,Historical,In-Market,0,histgex
2026-06-02,14:00,SPX,Historical,In-Market,0,histgex
2026-06-02,14:30,SPX,Historical,In-Market,0,histgex
2026-06-02,15:00,SPX,Historical,In-Market,0,histgex
2026-06-02,15:30,SPX,Historical,In-Market,0,histgex
2026-06-01,09:30,SPX,Historical,In-Market,0,histgex
2026-06-01,10:00,SPX,Historical,In-Market,0,histgex
2026-06-01,10:30,SPX,Historical,In-Market,0,histgex
2026-06-01,11:00,SPX,Historical,In-Market,0,histgex
2026-06-01,11:30,SPX,Historical,In-Market,0,histgex
2026-06-01,12:00,SPX,Historical,In-Market,0,histgex
2026-06-01,12:30,SPX,Historical,In-Market,0,histgex
2026-06-01,13:00,SPX,Historical,In-Market,0,histgex
2026-06-01,13:30,SPX,Historical,In-Market,0,histgex
2026-06-01,14:00,SPX,Historical,In-Market,0,histgex
2026-06-01,14:30,SPX,Historical,In-Market,0,histgex
2026-06-01,15:00,SPX,Historical,In-Market,0,histgex
2026-06-01,15:30,SPX,Historical,In-Market,0,histgex
2026-05-29,09:30,SPX,Historical,In-Market,0,histgex
2026-05-29,10:00,SPX,Historical,In-Market,0,histgex
2026-05-29,10:30,SPX,Historical,In-Market,0,histgex
2026-05-29,11:00,SPX,Historical,In-Market,0,histgex
2026-05-29,11:30,SPX,Historical,In-Market,0,histgex
2026-05-29,12:00,SPX,Historical,In-Market,0,histgex
2026-05-29,12:30,SPX,Historical,In-Market,0,histgex
2026-05-29,13:00,SPX,Historical,In-Market,0,histgex
2026-05-29,13:30,SPX,Historical,In-Market,0,histgex
2026-05-29,14:00,SPX,Historical,In-Market,0,histgex
2026-05-29,14:30,SPX,Historical,In-Market,0,histgex
2026-05-29,15:00,SPX,Historical,In-Market,0,histgex
2026-05-29,15:30,SPX,Historical,In-Market,0,histgex
2026-05-28,09:30,SPX,Historical,In-Market,0,histgex
2026-05-28,10:00,SPX,Historical,In-Market,0,histgex
2026-05-28,10:30,SPX,Historical,In-Market,0,histgex
2026-05-28,11:00,SPX,Historical,In-Market,0,histgex
2026-05-28,11:30,SPX,Historical,In-Market,0,histgex
2026-05-28,12:00,SPX,Historical,In-Market,0,histgex
2026-05-28,12:30,SPX,Historical,In-Market,0,histgex
2026-05-28,13:00,SPX,Historical,In-Market,0,histgex
2026-05-28,13:30,SPX,Historical,In-Market,0,histgex
2026-05-28,14:00,SPX,Historical,In-Market,0,histgex
2026-05-28,14:30,SPX,Historical,In-Market,0,histgex
2026-05-28,15:00,SPX,Historical,In-Market,0,histgex
2026-05-28,15:30,SPX,Historical,In-Market,0,histgex
2026-05-27,09:30,SPX,Historical,In-Market,0,histgex
2026-05-27,10:00,SPX,Historical,In-Market,0,histgex
2026-05-27,10:30,SPX,Historical,In-Market,0,histgex
2026-05-27,11:00,SPX,Historical,In-Market,0,histgex
2026-05-27,11:30,SPX,Historical,In-Market,0,histgex
2026-05-27,12:00,SPX,Historical,In-Market,0,histgex
2026-05-27,12:30,SPX,Historical,In-Market,0,histgex
2026-05-27,13:00,SPX,Historical,In-Market,0,histgex
2026-05-27,13:30,SPX,Historical,In-Market,0,histgex
2026-05-27,14:00,SPX,Historical,In-Market,0,histgex
2026-05-27,14:30,SPX,Historical,In-Market,0,histgex
2026-05-27,15:00,SPX,Historical,In-Market,0,histgex
2026-05-27,15:30,SPX,Historical,In-Market,0,histgex
2026-05-26,09:30,SPX,Historical,In-Market,0,histgex
2026-05-26,10:00,SPX,Historical,In-Market,0,histgex
2026-05-26,10:30,SPX,Historical,In-Market,0,histgex
2026-05-26,11:00,SPX,Historical,In-Market,0,histgex
2026-05-26,11:30,SPX,Historical,In-Market,0,histgex
2026-05-26,12:00,SPX,Historical,In-Market,0,histgex
2026-05-26,12:30,SPX,Historical,In-Market,0,histgex
2026-05-26,13:00,SPX,Historical,In-Market,0,histgex
2026-05-26,13:30,SPX,Historical,In-Market,0,histgex
2026-05-26,14:00,SPX,Historical,In-Market,0,histgex
2026-05-26,14:30,SPX,Historical,In-Market,0,histgex
2026-05-26,15:00,SPX,Historical,In-Market,0,histgex
2026-05-26,15:30,SPX,Historical,In-Market,0,histgex
2026-05-22,09:30,SPX,Historical,In-Market,0,histgex
2026-05-22,10:00,SPX,Historical,In-Market,0,histgex
2026-05-22,10:30,SPX,Historical,In-Market,0,histgex
2026-05-22,11:00,SPX,Historical,In-Market,0,histgex
2026-05-22,11:30,SPX,Historical,In-Market,0,histgex
2026-05-22,12:00,SPX,Historical,In-Market,0,histgex
2026-05-22,12:30,SPX,Historical,In-Market,0,histgex
2026-05-22,13:00,SPX,Historical,In-Market,0,histgex
2026-05-22,13:30,SPX,Historical,In-Market,0,histgex
2026-05-22,14:00,SPX,Historical,In-Market,0,histgex
2026-05-22,14:30,SPX,Historical,In-Market,0,histgex
2026-05-22,15:00,SPX,Historical,In-Market,0,histgex
2026-05-22,15:30,SPX,Historical,In-Market,0,histgex
2026-05-21,09:30,SPX,Historical,In-Market,0,histgex
2026-05-21,10:00,SPX,Historical,In-Market,0,histgex
2026-05-21,10:30,SPX,Historical,In-Market,0,histgex
2026-05-21,11:00,SPX,Historical,In-Market,0,histgex
2026-05-21,11:30,SPX,Historical,In-Market,0,histgex
2026-05-21,12:00,SPX,Historical,In-Market,0,histgex
2026-05-21,12:30,SPX,Historical,In-Market,0,histgex
2026-05-21,13:00,SPX,Historical,In-Market,0,histgex
2026-05-21,13:30,SPX,Historical,In-Market,0,histgex
2026-05-21,14:00,SPX,Historical,In-Market,0,histgex
2026-05-21,14:30,SPX,Historical,In-Market,0,histgex
2026-05-21,15:00,SPX,Historical,In-Market,0,histgex
2026-05-21,15:30,SPX,Historical,In-Market,0,histgex
2026-05-20,09:30,SPX,Historical,In-Market,0,histgex
2026-05-20,10:00,SPX,Historical,In-Market,0,histgex
2026-05-20,10:30,SPX,Historical,In-Market,0,histgex
2026-05-20,11:00,SPX,Historical,In-Market,0,histgex
2026-05-20,11:30,SPX,Historical,In-Market,0,histgex
2026-05-20,12:00,SPX,Historical,In-Market,0,histgex
2026-05-20,12:30,SPX,Historical,In-Market,0,histgex
2026-05-20,13:00,SPX,Historical,In-Market,0,histgex
2026-05-20,13:30,SPX,Historical,In-Market,0,histgex
2026-05-20,14:00,SPX,Historical,In-Market,0,histgex
2026-05-20,14:30,SPX,Historical,In-Market,0,histgex
2026-05-20,15:00,SPX,Historical,In-Market,0,histgex
2026-05-20,15:30,SPX,Historical,In-Market,0,histgex
2026-05-19,09:30,SPX,Historical,In-Market,0,histgex
2026-05-19,10:00,SPX,Historical,In-Market,0,histgex
2026-05-19,10:30,SPX,Historical,In-Market,0,histgex
2026-05-19,11:00,SPX,Historical,In-Market,0,histgex
2026-05-19,11:30,SPX,Historical,In-Market,0,histgex
2026-05-19,12:00,SPX,Historical,In-Market,0,histgex
2026-05-19,12:30,SPX,Historical,In-Market,0,histgex
2026-05-19,13:00,SPX,Historical,In-Market,0,histgex
2026-05-19,13:30,SPX,Historical,In-Market,0,histgex
2026-05-19,14:00,SPX,Historical,In-Market,0,histgex
2026-05-19,14:30,SPX,Historical,In-Market,0,histgex
2026-05-19,15:00,SPX,Historical,In-Market,0,histgex
2026-05-19,15:30,SPX,Historical,In-Market,0,histgex
2026-05-18,09:30,SPX,Historical,In-Market,0,histgex
2026-05-18,10:00,SPX,Historical,In-Market,0,histgex
2026-05-18,10:30,SPX,Historical,In-Market,0,histgex
2026-05-18,11:00,SPX,Historical,In-Market,0,histgex
2026-05-18,11:30,SPX,Historical,In-Market,0,histgex
2026-05-18,12:00,SPX,Historical,In-Market,0,histgex
2026-05-18,12:30,SPX,Historical,In-Market,0,histgex
2026-05-18,13:00,SPX,Historical,In-Market,0,histgex
2026-05-18,13:30,SPX,Historical,In-Market,0,histgex
2026-05-18,14:00,SPX,Historical,In-Market,0,histgex
2026-05-18,14:30,SPX,Historical,In-Market,0,histgex
2026-05-18,15:00,SPX,Historical,In-Market,0,histgex
2026-05-18,15:30,SPX,Historical,In-Market,0,histgex
2026-05-15,09:30,SPX,Historical,In-Market,0,histgex
2026-05-15,10:00,SPX,Historical,In-Market,0,histgex
2026-05-15,10:30,SPX,Historical,In-Market,0,histgex
2026-05-15,11:00,SPX,Historical,In-Market,0,histgex
2026-05-15,11:30,SPX,Historical,In-Market,0,histgex
2026-05-15,12:00,SPX,Historical,In-Market,0,histgex
2026-05-15,12:30,SPX,Historical,In-Market,0,histgex
2026-05-15,13:00,SPX,Historical,In-Market,0,histgex
2026-05-15,13:30,SPX,Historical,In-Market,0,histgex
2026-05-15,14:00,SPX,Historical,In-Market,0,histgex
2026-05-15,14:30,SPX,Historical,In-Market,0,histgex
2026-05-15,15:00,SPX,Historical,In-Market,0,histgex
2026-05-15,15:30,SPX,Historical,In-Market,0,histgex
2026-05-14,09:30,SPX,Historical,In-Market,0,histgex
2026-05-14,10:00,SPX,Historical,In-Market,0,histgex
2026-05-14,10:30,SPX,Historical,In-Market,0,histgex
2026-05-14,11:00,SPX,Historical,In-Market,0,histgex
2026-05-14,11:30,SPX,Historical,In-Market,0,histgex
2026-05-14,12:00,SPX,Historical,In-Market,0,histgex
2026-05-14,12:30,SPX,Historical,In-Market,0,histgex
2026-05-14,13:00,SPX,Historical,In-Market,0,histgex
2026-05-14,13:30,SPX,Historical,In-Market,0,histgex
2026-05-14,14:00,SPX,Historical,In-Market,0,histgex
2026-05-14,14:30,SPX,Historical,In-Market,0,histgex
2026-05-14,15:00,SPX,Historical,In-Market,0,histgex
2026-05-14,15:30,SPX,Historical,In-Market,0,histgex
2026-05-13,09:30,SPX,Historical,In-Market,0,histgex
2026-05-13,10:00,SPX,Historical,In-Market,0,histgex
2026-05-13,10:30,SPX,Historical,In-Market,0,histgex
2026-05-13,11:00,SPX,Historical,In-Market,0,histgex
2026-05-13,11:30,SPX,Historical,In-Market,0,histgex
2026-05-13,12:00,SPX,Historical,In-Market,0,histgex
2026-05-13,12:30,SPX,Historical,In-Market,0,histgex
2026-05-13,13:00,SPX,Historical,In-Market,0,histgex
2026-05-13,13:30,SPX,Historical,In-Market,0,histgex
2026-05-13,14:00,SPX,Historical,In-Market,0,histgex
2026-05-13,14:30,SPX,Historical,In-Market,0,histgex
2026-05-13,15:00,SPX,Historical,In-Market,0,histgex
2026-05-13,15:30,SPX,Historical,In-Market,0,histgex
2026-05-12,09:30,SPX,Historical,In-Market,0,histgex
2026-05-12,10:00,SPX,Historical,In-Market,0,histgex
2026-05-12,10:30,SPX,Historical,In-Market,0,histgex
2026-05-12,11:00,SPX,Historical,In-Market,0,histgex
2026-05-12,11:30,SPX,Historical,In-Market,0,histgex
2026-05-12,12:00,SPX,Historical,In-Market,0,histgex
2026-05-12,12:30,SPX,Historical,In-Market,0,histgex
2026-05-12,13:00,SPX,Historical,In-Market,0,histgex
2026-05-12,13:30,SPX,Historical,In-Market,0,histgex
2026-05-12,14:00,SPX,Historical,In-Market,0,histgex
2026-05-12,14:30,SPX,Historical,In-Market,0,histgex
2026-05-12,15:00,SPX,Historical,In-Market,0,histgex
2026-05-12,15:30,SPX,Historical,In-Market,0,histgex
2026-05-11,09:30,SPX,Historical,In-Market,0,histgex
2026-05-11,10:00,SPX,Historical,In-Market,0,histgex
2026-05-11,10:30,SPX,Historical,In-Market,0,histgex
2026-05-11,11:00,SPX,Historical,In-Market,0,histgex
2026-05-11,11:30,SPX,Historical,In-Market,0,histgex
2026-05-11,12:00,SPX,Historical,In-Market,0,histgex
2026-05-11,12:30,SPX,Historical,In-Market,0,histgex
2026-05-11,13:00,SPX,Historical,In-Market,0,histgex
2026-05-11,13:30,SPX,Historical,In-Market,0,histgex
2026-05-11,14:00,SPX,Historical,In-Market,0,histgex
2026-05-11,14:30,SPX,Historical,In-Market,0,histgex
2026-05-11,15:00,SPX,Historical,In-Market,0,histgex
2026-05-11,15:30,SPX,Historical,In-Market,0,histgex
2026-05-08,09:30,SPX,Historical,In-Market,0,histgex
2026-05-08,10:00,SPX,Historical,In-Market,0,histgex
2026-05-08,10:30,SPX,Historical,In-Market,0,histgex
2026-05-08,11:00,SPX,Historical,In-Market,0,histgex
2026-05-08,11:30,SPX,Historical,In-Market,0,histgex
2026-05-08,12:00,SPX,Historical,In-Market,0,histgex
2026-05-08,12:30,SPX,Historical,In-Market,0,histgex
2026-05-08,13:00,SPX,Historical,In-Market,0,histgex
2026-05-08,13:30,SPX,Historical,In-Market,0,histgex
2026-05-08,14:00,SPX,Historical,In-Market,0,histgex
2026-05-08,14:30,SPX,Historical,In-Market,0,histgex
2026-05-08,15:00,SPX,Historical,In-Market,0,histgex
2026-05-08,15:30,SPX,Historical,In-Market,0,histgex
2026-05-07,09:30,SPX,Historical,In-Market,0,histgex
2026-05-07,10:00,SPX,Historical,In-Market,0,histgex
2026-05-07,10:30,SPX,Historical,In-Market,0,histgex
2026-05-07,11:00,SPX,Historical,In-Market,0,histgex
2026-05-07,11:30,SPX,Historical,In-Market,0,histgex
2026-05-07,12:00,SPX,Historical,In-Market,0,histgex
2026-05-07,12:30,SPX,Historical,In-Market,0,histgex
2026-05-07,13:00,SPX,Historical,In-Market,0,histgex
2026-05-07,13:30,SPX,Historical,In-Market,0,histgex
2026-05-07,14:00,SPX,Historical,In-Market,0,histgex
2026-05-07,14:30,SPX,Historical,In-Market,0,histgex
2026-05-07,15:00,SPX,Historical,In-Market,0,histgex
2026-05-07,15:30,SPX,Historical,In-Market,0,histgex
2026-05-06,09:30,SPX,Historical,In-Market,0,histgex
2026-05-06,10:00,SPX,Historical,In-Market,0,histgex
2026-05-06,10:30,SPX,Historical,In-Market,0,histgex
2026-05-06,11:00,SPX,Historical,In-Market,0,histgex
2026-05-06,11:30,SPX,Historical,In-Market,0,histgex
2026-05-06,12:00,SPX,Historical,In-Market,0,histgex
2026-05-06,12:30,SPX,Historical,In-Market,0,histgex
2026-05-06,13:00,SPX,Historical,In-Market,0,histgex
2026-05-06,13:30,SPX,Historical,In-Market,0,histgex
2026-05-06,14:00,SPX,Historical,In-Market,0,histgex
2026-05-06,14:30,SPX,Historical,In-Market,0,histgex
2026-05-06,15:00,SPX,Historical,In-Market,0,histgex
2026-05-06,15:30,SPX,Historical,In-Market,0,histgex
2026-05-05,09:30,SPX,Historical,In-Market,0,histgex
2026-05-05,10:00,SPX,Historical,In-Market,0,histgex
2026-05-05,10:30,SPX,Historical,In-Market,0,histgex
2026-05-05,11:00,SPX,Historical,In-Market,0,histgex
2026-05-05,11:30,SPX,Historical,In-Market,0,histgex
2026-05-05,12:00,SPX,Historical,In-Market,0,histgex
2026-05-05,12:30,SPX,Historical,In-Market,0,histgex
2026-05-05,13:00,SPX,Historical,In-Market,0,histgex
2026-05-05,13:30,SPX,Historical,In-Market,0,histgex
2026-05-05,14:00,SPX,Historical,In-Market,0,histgex
2026-05-05,14:30,SPX,Historical,In-Market,0,histgex
2026-05-05,15:00,SPX,Historical,In-Market,0,histgex
2026-05-05,15:30,SPX,Historical,In-Market,0,histgex
2026-05-04,09:30,SPX,Historical,In-Market,0,histgex
2026-05-04,10:00,SPX,Historical,In-Market,0,histgex
2026-05-04,10:30,SPX,Historical,In-Market,0,histgex
2026-05-04,11:00,SPX,Historical,In-Market,0,histgex
2026-05-04,11:30,SPX,Historical,In-Market,0,histgex
2026-05-04,12:00,SPX,Historical,In-Market,0,histgex
2026-05-04,12:30,SPX,Historical,In-Market,0,histgex
2026-05-04,13:00,SPX,Historical,In-Market,0,histgex
2026-05-04,13:30,SPX,Historical,In-Market,0,histgex
2026-05-04,14:00,SPX,Historical,In-Market,0,histgex
2026-05-04,14:30,SPX,Historical,In-Market,0,histgex
2026-05-04,15:00,SPX,Historical,In-Market,0,histgex
2026-05-04,15:30,SPX,Historical,In-Market,0,histgex
2026-05-01,09:30,SPX,Historical,In-Market,0,histgex
2026-05-01,10:00,SPX,Historical,In-Market,0,histgex
2026-05-01,10:30,SPX,Historical,In-Market,0,histgex
2026-05-01,11:00,SPX,Historical,In-Market,0,histgex
2026-05-01,11:30,SPX,Historical,In-Market,0,histgex
2026-05-01,12:00,SPX,Historical,In-Market,0,histgex
2026-05-01,12:30,SPX,Historical,In-Market,0,histgex
2026-05-01,13:00,SPX,Historical,In-Market,0,histgex
2026-05-01,13:30,SPX,Historical,In-Market,0,histgex
2026-05-01,14:00,SPX,Historical,In-Market,0,histgex
2026-05-01,14:30,SPX,Historical,In-Market,0,histgex
2026-05-01,15:00,SPX,Historical,In-Market,0,histgex
2026-05-01,15:30,SPX,Historical,In-Market,0,histgex
2026-04-30,09:30,SPX,Historical,In-Market,0,histgex
2026-04-30,10:00,SPX,Historical,In-Market,0,histgex
2026-04-30,10:30,SPX,Historical,In-Market,0,histgex
2026-04-30,11:00,SPX,Historical,In-Market,0,histgex
2026-04-30,11:30,SPX,Historical,In-Market,0,histgex
2026-04-30,12:00,SPX,Historical,In-Market,0,histgex
2026-04-30,12:30,SPX,Historical,In-Market,0,histgex
2026-04-30,13:00,SPX,Historical,In-Market,0,histgex
2026-04-30,13:30,SPX,Historical,In-Market,0,histgex
2026-04-30,14:00,SPX,Historical,In-Market,0,histgex
2026-04-30,14:30,SPX,Historical,In-Market,0,histgex
2026-04-30,15:00,SPX,Historical,In-Market,0,histgex
2026-04-30,15:30,SPX,Historical,In-Market,0,histgex
2026-04-29,09:30,SPX,Historical,In-Market,0,histgex
2026-04-29,10:00,SPX,Historical,In-Market,0,histgex
2026-04-29,10:30,SPX,Historical,In-Market,0,histgex
2026-04-29,11:00,SPX,Historical,In-Market,0,histgex
2026-04-29,11:30,SPX,Historical,In-Market,0,histgex
2026-04-29,12:00,SPX,Historical,In-Market,0,histgex
2026-04-29,12:30,SPX,Historical,In-Market,0,histgex
2026-04-29,13:00,SPX,Historical,In-Market,0,histgex
2026-04-29,13:30,SPX,Historical,In-Market,0,histgex
2026-04-29,14:00,SPX,Historical,In-Market,0,histgex
2026-04-29,14:30,SPX,Historical,In-Market,0,histgex
2026-04-29,15:00,SPX,Historical,In-Market,0,histgex
2026-04-29,15:30,SPX,Historical,In-Market,0,histgex
2026-04-28,09:30,SPX,Historical,In-Market,0,histgex
2026-04-28,10:00,SPX,Historical,In-Market,0,histgex
2026-04-28,10:30,SPX,Historical,In-Market,0,histgex
2026-04-28,11:00,SPX,Historical,In-Market,0,histgex
2026-04-28,11:30,SPX,Historical,In-Market,0,histgex
2026-04-28,12:00,SPX,Historical,In-Market,0,histgex
2026-04-28,12:30,SPX,Historical,In-Market,0,histgex
2026-04-28,13:00,SPX,Historical,In-Market,0,histgex
2026-04-28,13:30,SPX,Historical,In-Market,0,histgex
2026-04-28,14:00,SPX,Historical,In-Market,0,histgex
2026-04-28,14:30,SPX,Historical,In-Market,0,histgex
2026-04-28,15:00,SPX,Historical,In-Market,0,histgex
2026-04-28,15:30,SPX,Historical,In-Market,0,histgex
2026-04-27,09:30,SPX,Historical,In-Market,0,histgex
2026-04-27,10:00,SPX,Historical,In-Market,0,histgex
2026-04-27,10:30,SPX,Historical,In-Market,0,histgex
2026-04-27,11:00,SPX,Historical,In-Market,0,histgex
2026-04-27,11:30,SPX,Historical,In-Market,0,histgex
2026-04-27,12:00,SPX,Historical,In-Market,0,histgex
2026-04-27,12:30,SPX,Historical,In-Market,0,histgex
2026-04-27,13:00,SPX,Historical,In-Market,0,histgex
2026-04-27,13:30,SPX,Historical,In-Market,0,histgex
2026-04-27,14:00,SPX,Historical,In-Market,0,histgex
2026-04-27,14:30,SPX,Historical,In-Market,0,histgex
2026-04-27,15:00,SPX,Historical,In-Market,0,histgex
2026-04-27,15:30,SPX,Historical,In-Market,0,histgex
2026-04-24,09:30,SPX,Historical,In-Market,0,histgex
2026-04-24,10:00,SPX,Historical,In-Market,0,histgex
2026-04-24,10:30,SPX,Historical,In-Market,0,histgex
2026-04-24,11:00,SPX,Historical,In-Market,0,histgex
2026-04-24,11:30,SPX,Historical,In-Market,0,histgex
2026-04-24,12:00,SPX,Historical,In-Market,0,histgex
2026-04-24,12:30,SPX,Historical,In-Market,0,histgex
2026-04-24,13:00,SPX,Historical,In-Market,0,histgex
2026-04-24,13:30,SPX,Historical,In-Market,0,histgex
2026-04-24,14:00,SPX,Historical,In-Market,0,histgex
2026-04-24,14:30,SPX,Historical,In-Market,0,histgex
2026-04-24,15:00,SPX,Historical,In-Market,0,histgex
2026-04-24,15:30,SPX,Historical,In-Market,0,histgex
2026-04-23,09:30,SPX,Historical,In-Market,0,histgex
2026-04-23,10:00,SPX,Historical,In-Market,0,histgex
2026-04-23,10:30,SPX,Historical,In-Market,0,histgex
2026-04-23,11:00,SPX,Historical,In-Market,0,histgex
2026-04-23,11:30,SPX,Historical,In-Market,0,histgex
2026-04-23,12:00,SPX,Historical,In-Market,0,histgex
2026-04-23,12:30,SPX,Historical,In-Market,0,histgex
2026-04-23,13:00,SPX,Historical,In-Market,0,histgex
2026-04-23,13:30,SPX,Historical,In-Market,0,histgex
2026-04-23,14:00,SPX,Historical,In-Market,0,histgex
2026-04-23,14:30,SPX,Historical,In-Market,0,histgex
2026-04-23,15:00,SPX,Historical,In-Market,0,histgex
2026-04-23,15:30,SPX,Historical,In-Market,0,histgex
2026-04-22,09:30,SPX,Historical,In-Market,0,histgex
2026-04-22,10:00,SPX,Historical,In-Market,0,histgex
2026-04-22,10:30,SPX,Historical,In-Market,0,histgex
2026-04-22,11:00,SPX,Historical,In-Market,0,histgex
2026-04-22,11:30,SPX,Historical,In-Market,0,histgex
2026-04-22,12:00,SPX,Historical,In-Market,0,histgex
2026-04-22,12:30,SPX,Historical,In-Market,0,histgex
2026-04-22,13:00,SPX,Historical,In-Market,0,histgex
2026-04-22,13:30,SPX,Historical,In-Market,0,histgex
2026-04-22,14:00,SPX,Historical,In-Market,0,histgex
2026-04-22,14:30,SPX,Historical,In-Market,0,histgex
2026-04-22,15:00,SPX,Historical,In-Market,0,histgex
2026-04-22,15:30,SPX,Historical,In-Market,0,histgex
2026-04-21,09:30,SPX,Historical,In-Market,0,histgex
2026-04-21,10:00,SPX,Historical,In-Market,0,histgex
2026-04-21,10:30,SPX,Historical,In-Market,0,histgex
2026-04-21,11:00,SPX,Historical,In-Market,0,histgex
2026-04-21,11:30,SPX,Historical,In-Market,0,histgex
2026-04-21,12:00,SPX,Historical,In-Market,0,histgex
2026-04-21,12:30,SPX,Historical,In-Market,0,histgex
2026-04-21,13:00,SPX,Historical,In-Market,0,histgex
2026-04-21,13:30,SPX,Historical,In-Market,0,histgex
2026-04-21,14:00,SPX,Historical,In-Market,0,histgex
2026-04-21,14:30,SPX,Historical,In-Market,0,histgex
2026-04-21,15:00,SPX,Historical,In-Market,0,histgex
2026-04-21,15:30,SPX,Historical,In-Market,0,histgex
2026-04-20,09:30,SPX,Historical,In-Market,0,histgex
2026-04-20,10:00,SPX,Historical,In-Market,0,histgex
2026-04-20,10:30,SPX,Historical,In-Market,0,histgex
2026-04-20,11:00,SPX,Historical,In-Market,0,histgex
2026-04-20,11:30,SPX,Historical,In-Market,0,histgex
2026-04-20,12:00,SPX,Historical,In-Market,0,histgex
2026-04-20,12:30,SPX,Historical,In-Market,0,histgex
2026-04-20,13:00,SPX,Historical,In-Market,0,histgex
2026-04-20,13:30,SPX,Historical,In-Market,0,histgex
2026-04-20,14:00,SPX,Historical,In-Market,0,histgex
2026-04-20,14:30,SPX,Historical,In-Market,0,histgex
2026-04-20,15:00,SPX,Historical,In-Market,0,histgex
2026-04-20,15:30,SPX,Historical,In-Market,0,histgex
2026-04-17,09:30,SPX,Historical,In-Market,0,histgex
2026-04-17,10:00,SPX,Historical,In-Market,0,histgex
2026-04-17,10:30,SPX,Historical,In-Market,0,histgex
2026-04-17,11:00,SPX,Historical,In-Market,0,histgex
2026-04-17,11:30,SPX,Historical,In-Market,0,histgex
2026-04-17,12:00,SPX,Historical,In-Market,0,histgex
2026-04-17,12:30,SPX,Historical,In-Market,0,histgex
2026-04-17,13:00,SPX,Historical,In-Market,0,histgex
2026-04-17,13:30,SPX,Historical,In-Market,0,histgex
2026-04-17,14:00,SPX,Historical,In-Market,0,histgex
2026-04-17,14:30,SPX,Historical,In-Market,0,histgex
2026-04-17,15:00,SPX,Historical,In-Market,0,histgex
2026-04-17,15:30,SPX,Historical,In-Market,0,histgex
2026-04-16,09:30,SPX,Historical,In-Market,0,histgex
2026-04-16,10:00,SPX,Historical,In-Market,0,histgex
2026-04-16,10:30,SPX,Historical,In-Market,0,histgex
2026-04-16,11:00,SPX,Historical,In-Market,0,histgex
2026-04-16,11:30,SPX,Historical,In-Market,0,histgex
2026-04-16,12:00,SPX,Historical,In-Market,0,histgex
2026-04-16,12:30,SPX,Historical,In-Market,0,histgex
2026-04-16,13:00,SPX,Historical,In-Market,0,histgex
2026-04-16,13:30,SPX,Historical,In-Market,0,histgex
2026-04-16,14:00,SPX,Historical,In-Market,0,histgex
2026-04-16,14:30,SPX,Historical,In-Market,0,histgex
2026-04-16,15:00,SPX,Historical,In-Market,0,histgex
2026-04-16,15:30,SPX,Historical,In-Market,0,histgex
2026-04-15,09:30,SPX,Historical,In-Market,0,histgex
2026-04-15,10:00,SPX,Historical,In-Market,0,histgex
2026-04-15,10:30,SPX,Historical,In-Market,0,histgex
2026-04-15,11:00,SPX,Historical,In-Market,0,histgex
2026-04-15,11:30,SPX,Historical,In-Market,0,histgex
2026-04-15,12:00,SPX,Historical,In-Market,0,histgex
2026-04-15,12:30,SPX,Historical,In-Market,0,histgex
2026-04-15,13:00,SPX,Historical,In-Market,0,histgex
2026-04-15,13:30,SPX,Historical,In-Market,0,histgex
2026-04-15,14:00,SPX,Historical,In-Market,0,histgex
2026-04-15,14:30,SPX,Historical,In-Market,0,histgex
2026-04-15,15:00,SPX,Historical,In-Market,0,histgex
2026-04-15,15:30,SPX,Historical,In-Market,0,histgex
2026-04-14,09:30,SPX,Historical,In-Market,0,histgex
2026-04-14,10:00,SPX,Historical,In-Market,0,histgex
2026-04-14,10:30,SPX,Historical,In-Market,0,histgex
2026-04-14,11:00,SPX,Historical,In-Market,0,histgex
2026-04-14,11:30,SPX,Historical,In-Market,0,histgex
2026-04-14,12:00,SPX,Historical,In-Market,0,histgex
2026-04-14,12:30,SPX,Historical,In-Market,0,histgex
2026-04-14,13:00,SPX,Historical,In-Market,0,histgex
2026-04-14,13:30,SPX,Historical,In-Market,0,histgex
2026-04-14,14:00,SPX,Historical,In-Market,0,histgex
2026-04-14,14:30,SPX,Historical,In-Market,0,histgex
2026-04-14,15:00,SPX,Historical,In-Market,0,histgex
2026-04-14,15:30,SPX,Historical,In-Market,0,histgex
2026-04-13,09:30,SPX,Historical,In-Market,0,histgex
2026-04-13,10:00,SPX,Historical,In-Market,0,histgex
2026-04-13,10:30,SPX,Historical,In-Market,0,histgex
2026-04-13,11:00,SPX,Historical,In-Market,0,histgex
2026-04-13,11:30,SPX,Historical,In-Market,0,histgex
2026-04-13,12:00,SPX,Historical,In-Market,0,histgex
2026-04-13,12:30,SPX,Historical,In-Market,0,histgex
2026-04-13,13:00,SPX,Historical,In-Market,0,histgex
2026-04-13,13:30,SPX,Historical,In-Market,0,histgex
2026-04-13,14:00,SPX,Historical,In-Market,0,histgex
2026-04-13,14:30,SPX,Historical,In-Market,0,histgex
2026-04-13,15:00,SPX,Historical,In-Market,0,histgex
2026-04-13,15:30,SPX,Historical,In-Market,0,histgex
2026-04-10,09:30,SPX,Historical,In-Market,0,histgex
2026-04-10,10:00,SPX,Historical,In-Market,0,histgex
2026-04-10,10:30,SPX,Historical,In-Market,0,histgex
2026-04-10,11:00,SPX,Historical,In-Market,0,histgex
2026-04-10,11:30,SPX,Historical,In-Market,0,histgex
2026-04-10,12:00,SPX,Historical,In-Market,0,histgex
2026-04-10,12:30,SPX,Historical,In-Market,0,histgex
2026-04-10,13:00,SPX,Historical,In-Market,0,histgex
2026-04-10,13:30,SPX,Historical,In-Market,0,histgex
2026-04-10,14:00,SPX,Historical,In-Market,0,histgex
2026-04-10,14:30,SPX,Historical,In-Market,0,histgex
2026-04-10,15:00,SPX,Historical,In-Market,0,histgex
2026-04-10,15:30,SPX,Historical,In-Market,0,histgex
2026-04-09,09:30,SPX,Historical,In-Market,0,histgex
2026-04-09,10:00,SPX,Historical,In-Market,0,histgex
2026-04-09,10:30,SPX,Historical,In-Market,0,histgex
2026-04-09,11:00,SPX,Historical,In-Market,0,histgex
2026-04-09,11:30,SPX,Historical,In-Market,0,histgex
2026-04-09,12:00,SPX,Historical,In-Market,0,histgex
2026-04-09,12:30,SPX,Historical,In-Market,0,histgex
2026-04-09,13:00,SPX,Historical,In-Market,0,histgex
2026-04-09,13:30,SPX,Historical,In-Market,0,histgex
2026-04-09,14:00,SPX,Historical,In-Market,0,histgex
2026-04-09,14:30,SPX,Historical,In-Market,0,histgex
2026-04-09,15:00,SPX,Historical,In-Market,0,histgex
2026-04-09,15:30,SPX,Historical,In-Market,0,histgex
2026-04-08,09:30,SPX,Historical,In-Market,0,histgex
2026-04-08,10:00,SPX,Historical,In-Market,0,histgex
2026-04-08,10:30,SPX,Historical,In-Market,0,histgex
2026-04-08,11:00,SPX,Historical,In-Market,0,histgex
2026-04-08,11:30,SPX,Historical,In-Market,0,histgex
2026-04-08,12:00,SPX,Historical,In-Market,0,histgex
2026-04-08,12:30,SPX,Historical,In-Market,0,histgex
2026-04-08,13:00,SPX,Historical,In-Market,0,histgex
2026-04-08,13:30,SPX,Historical,In-Market,0,histgex
2026-04-08,14:00,SPX,Historical,In-Market,0,histgex
2026-04-08,14:30,SPX,Historical,In-Market,0,histgex
2026-04-08,15:00,SPX,Historical,In-Market,0,histgex
2026-04-08,15:30,SPX,Historical,In-Market,0,histgex
2026-04-07,09:30,SPX,Historical,In-Market,0,histgex
2026-04-07,10:00,SPX,Historical,In-Market,0,histgex
2026-04-07,10:30,SPX,Historical,In-Market,0,histgex
2026-04-07,11:00,SPX,Historical,In-Market,0,histgex
2026-04-07,11:30,SPX,Historical,In-Market,0,histgex
2026-04-07,12:00,SPX,Historical,In-Market,0,histgex
2026-04-07,12:30,SPX,Historical,In-Market,0,histgex
2026-04-07,13:00,SPX,Historical,In-Market,0,histgex
2026-04-07,13:30,SPX,Historical,In-Market,0,histgex
2026-04-07,14:00,SPX,Historical,In-Market,0,histgex
2026-04-07,14:30,SPX,Historical,In-Market,0,histgex
2026-04-07,15:00,SPX,Historical,In-Market,0,histgex
2026-04-07,15:30,SPX,Historical,In-Market,0,histgex
2026-04-06,09:30,SPX,Historical,In-Market,0,histgex
2026-04-06,10:00,SPX,Historical,In-Market,0,histgex
2026-04-06,10:30,SPX,Historical,In-Market,0,histgex
2026-04-06,11:00,SPX,Historical,In-Market,0,histgex
2026-04-06,11:30,SPX,Historical,In-Market,0,histgex
2026-04-06,12:00,SPX,Historical,In-Market,0,histgex
2026-04-06,12:30,SPX,Historical,In-Market,0,histgex
2026-04-06,13:00,SPX,Historical,In-Market,0,histgex
2026-04-06,13:30,SPX,Historical,In-Market,0,histgex
2026-04-06,14:00,SPX,Historical,In-Market,0,histgex
2026-04-06,14:30,SPX,Historical,In-Market,0,histgex
2026-04-06,15:00,SPX,Historical,In-Market,0,histgex
2026-04-06,15:30,SPX,Historical,In-Market,0,histgex
2026-04-02,09:30,SPX,Historical,In-Market,0,histgex
2026-04-02,10:00,SPX,Historical,In-Market,0,histgex
2026-04-02,10:30,SPX,Historical,In-Market,0,histgex
2026-04-02,11:00,SPX,Historical,In-Market,0,histgex
2026-04-02,11:30,SPX,Historical,In-Market,0,histgex
2026-04-02,12:00,SPX,Historical,In-Market,0,histgex
2026-04-02,12:30,SPX,Historical,In-Market,0,histgex
2026-04-02,13:00,SPX,Historical,In-Market,0,histgex
2026-04-02,13:30,SPX,Historical,In-Market,0,histgex
2026-04-02,14:00,SPX,Historical,In-Market,0,histgex
2026-04-02,14:30,SPX,Historical,In-Market,0,histgex
2026-04-02,15:00,SPX,Historical,In-Market,0,histgex
2026-04-02,15:30,SPX,Historical,In-Market,0,histgex
2026-04-01,09:30,SPX,Historical,In-Market,0,histgex
2026-04-01,10:00,SPX,Historical,In-Market,0,histgex
2026-04-01,10:30,SPX,Historical,In-Market,0,histgex
2026-04-01,11:00,SPX,Historical,In-Market,0,histgex
2026-04-01,11:30,SPX,Historical,In-Market,0,histgex
2026-04-01,12:00,SPX,Historical,In-Market,0,histgex
2026-04-01,12:30,SPX,Historical,In-Market,0,histgex
2026-04-01,13:00,SPX,Historical,In-Market,0,histgex
2026-04-01,13:30,SPX,Historical,In-Market,0,histgex
2026-04-01,14:00,SPX,Historical,In-Market,0,histgex
2026-04-01,14:30,SPX,Historical,In-Market,0,histgex
2026-04-01,15:00,SPX,Historical,In-Market,0,histgex
2026-04-01,15:30,SPX,Historical,In-Market,0,histgex
2026-03-31,09:30,SPX,Historical,In-Market,0,histgex
2026-03-31,10:00,SPX,Historical,In-Market,0,histgex
2026-03-31,10:30,SPX,Historical,In-Market,0,histgex
2026-03-31,11:00,SPX,Historical,In-Market,0,histgex
2026-03-31,11:30,SPX,Historical,In-Market,0,histgex
2026-03-31,12:00,SPX,Historical,In-Market,0,histgex
2026-03-31,12:30,SPX,Historical,In-Market,0,histgex
2026-03-31,13:00,SPX,Historical,In-Market,0,histgex
2026-03-31,13:30,SPX,Historical,In-Market,0,histgex
2026-03-31,14:00,SPX,Historical,In-Market,0,histgex
2026-03-31,14:30,SPX,Historical,In-Market,0,histgex
2026-03-31,15:00,SPX,Historical,In-Market,0,histgex
2026-03-31,15:30,SPX,Historical,In-Market,0,histgex
2026-03-30,09:30,SPX,Historical,In-Market,0,histgex
2026-03-30,10:00,SPX,Historical,In-Market,0,histgex
2026-03-30,10:30,SPX,Historical,In-Market,0,histgex
2026-03-30,11:00,SPX,Historical,In-Market,0,histgex
2026-03-30,11:30,SPX,Historical,In-Market,0,histgex
2026-03-30,12:00,SPX,Historical,In-Market,0,histgex
2026-03-30,12:30,SPX,Historical,In-Market,0,histgex
2026-03-30,13:00,SPX,Historical,In-Market,0,histgex
2026-03-30,13:30,SPX,Historical,In-Market,0,histgex
2026-03-30,14:00,SPX,Historical,In-Market,0,histgex
2026-03-30,14:30,SPX,Historical,In-Market,0,histgex
2026-03-30,15:00,SPX,Historical,In-Market,0,histgex
2026-03-30,15:30,SPX,Historical,In-Market,0,histgex
2026-03-27,09:30,SPX,Historical,In-Market,0,histgex
2026-03-27,10:00,SPX,Historical,In-Market,0,histgex
2026-03-27,10:30,SPX,Historical,In-Market,0,histgex
2026-03-27,11:00,SPX,Historical,In-Market,0,histgex
2026-03-27,11:30,SPX,Historical,In-Market,0,histgex
2026-03-27,12:00,SPX,Historical,In-Market,0,histgex
2026-03-27,12:30,SPX,Historical,In-Market,0,histgex
2026-03-27,13:00,SPX,Historical,In-Market,0,histgex
2026-03-27,13:30,SPX,Historical,In-Market,0,histgex
2026-03-27,14:00,SPX,Historical,In-Market,0,histgex
2026-03-27,14:30,SPX,Historical,In-Market,0,histgex
2026-03-27,15:00,SPX,Historical,In-Market,0,histgex
2026-03-27,15:30,SPX,Historical,In-Market,0,histgex
2026-03-26,09:30,SPX,Historical,In-Market,0,histgex
2026-03-26,10:00,SPX,Historical,In-Market,0,histgex
2026-03-26,10:30,SPX,Historical,In-Market,0,histgex
2026-03-26,11:00,SPX,Historical,In-Market,0,histgex
2026-03-26,11:30,SPX,Historical,In-Market,0,histgex
2026-03-26,12:00,SPX,Historical,In-Market,0,histgex
2026-03-26,12:30,SPX,Historical,In-Market,0,histgex
2026-03-26,13:00,SPX,Historical,In-Market,0,histgex
2026-03-26,13:30,SPX,Historical,In-Market,0,histgex
2026-03-26,14:00,SPX,Historical,In-Market,0,histgex
2026-03-26,14:30,SPX,Historical,In-Market,0,histgex
2026-03-26,15:00,SPX,Historical,In-Market,0,histgex
2026-03-26,15:30,SPX,Historical,In-Market,0,histgex
2026-03-25,09:30,SPX,Historical,In-Market,0,histgex
2026-03-25,10:00,SPX,Historical,In-Market,0,histgex
2026-03-25,10:30,SPX,Historical,In-Market,0,histgex
2026-03-25,11:00,SPX,Historical,In-Market,0,histgex
2026-03-25,11:30,SPX,Historical,In-Market,0,histgex
2026-03-25,12:00,SPX,Historical,In-Market,0,histgex
2026-03-25,12:30,SPX,Historical,In-Market,0,histgex
2026-03-25,13:00,SPX,Historical,In-Market,0,histgex
2026-03-25,13:30,SPX,Historical,In-Market,0,histgex
2026-03-25,14:00,SPX,Historical,In-Market,0,histgex
2026-03-25,14:30,SPX,Historical,In-Market,0,histgex
2026-03-25,15:00,SPX,Historical,In-Market,0,histgex
2026-03-25,15:30,SPX,Historical,In-Market,0,histgex
2026-03-24,09:30,SPX,Historical,In-Market,0,histgex
2026-03-24,10:00,SPX,Historical,In-Market,0,histgex
2026-03-24,10:30,SPX,Historical,In-Market,0,histgex
2026-03-24,11:00,SPX,Historical,In-Market,0,histgex
2026-03-24,11:30,SPX,Historical,In-Market,0,histgex
2026-03-24,12:00,SPX,Historical,In-Market,0,histgex
2026-03-24,12:30,SPX,Historical,In-Market,0,histgex
2026-03-24,13:00,SPX,Historical,In-Market,0,histgex
2026-03-24,13:30,SPX,Historical,In-Market,0,histgex
2026-03-24,14:00,SPX,Historical,In-Market,0,histgex
2026-03-24,14:30,SPX,Historical,In-Market,0,histgex
2026-03-24,15:00,SPX,Historical,In-Market,0,histgex
2026-03-24,15:30,SPX,Historical,In-Market,0,histgex
2026-03-23,09:30,SPX,Historical,In-Market,0,histgex
2026-03-23,10:00,SPX,Historical,In-Market,0,histgex
2026-03-23,10:30,SPX,Historical,In-Market,0,histgex
2026-03-23,11:00,SPX,Historical,In-Market,0,histgex
2026-03-23,11:30,SPX,Historical,In-Market,0,histgex
2026-03-23,12:00,SPX,Historical,In-Market,0,histgex
2026-03-23,12:30,SPX,Historical,In-Market,0,histgex
2026-03-23,13:00,SPX,Historical,In-Market,0,histgex
2026-03-23,13:30,SPX,Historical,In-Market,0,histgex
2026-03-23,14:00,SPX,Historical,In-Market,0,histgex
2026-03-23,14:30,SPX,Historical,In-Market,0,histgex
2026-03-23,15:00,SPX,Historical,In-Market,0,histgex
2026-03-23,15:30,SPX,Historical,In-Market,0,histgex
2026-03-20,09:30,SPX,Historical,In-Market,0,histgex
2026-03-20,10:00,SPX,Historical,In-Market,0,histgex
2026-03-20,10:30,SPX,Historical,In-Market,0,histgex
2026-03-20,11:00,SPX,Historical,In-Market,0,histgex
2026-03-20,11:30,SPX,Historical,In-Market,0,histgex
2026-03-20,12:00,SPX,Historical,In-Market,0,histgex
2026-03-20,12:30,SPX,Historical,In-Market,0,histgex
2026-03-20,13:00,SPX,Historical,In-Market,0,histgex
2026-03-20,13:30,SPX,Historical,In-Market,0,histgex
2026-03-20,14:00,SPX,Historical,In-Market,0,histgex
2026-03-20,14:30,SPX,Historical,In-Market,0,histgex
2026-03-20,15:00,SPX,Historical,In-Market,0,histgex
2026-03-20,15:30,SPX,Historical,In-Market,0,histgex
2026-03-19,09:30,SPX,Historical,In-Market,0,histgex
2026-03-19,10:00,SPX,Historical,In-Market,0,histgex
2026-03-19,10:30,SPX,Historical,In-Market,0,histgex
2026-03-19,11:00,SPX,Historical,In-Market,0,histgex
2026-03-19,11:30,SPX,Historical,In-Market,0,histgex
2026-03-19,12:00,SPX,Historical,In-Market,0,histgex
2026-03-19,12:30,SPX,Historical,In-Market,0,histgex
2026-03-19,13:00,SPX,Historical,In-Market,0,histgex
2026-03-19,13:30,SPX,Historical,In-Market,0,histgex
2026-03-19,14:00,SPX,Historical,In-Market,0,histgex
2026-03-19,14:30,SPX,Historical,In-Market,0,histgex
2026-03-19,15:00,SPX,Historical,In-Market,0,histgex
2026-03-19,15:30,SPX,Historical,In-Market,0,histgex
2026-03-18,09:30,SPX,Historical,In-Market,0,histgex
2026-03-18,10:00,SPX,Historical,In-Market,0,histgex
2026-03-18,10:30,SPX,Historical,In-Market,0,histgex
2026-03-18,11:00,SPX,Historical,In-Market,0,histgex
2026-03-18,11:30,SPX,Historical,In-Market,0,histgex
2026-03-18,12:00,SPX,Historical,In-Market,0,histgex
2026-03-18,12:30,SPX,Historical,In-Market,0,histgex
2026-03-18,13:00,SPX,Historical,In-Market,0,histgex
2026-03-18,13:30,SPX,Historical,In-Market,0,histgex
2026-03-18,14:00,SPX,Historical,In-Market,0,histgex
2026-03-18,14:30,SPX,Historical,In-Market,0,histgex
2026-03-18,15:00,SPX,Historical,In-Market,0,histgex
2026-03-18,15:30,SPX,Historical,In-Market,0,histgex
2026-03-17,09:30,SPX,Historical,In-Market,0,histgex
2026-03-17,10:00,SPX,Historical,In-Market,0,histgex
2026-03-17,10:30,SPX,Historical,In-Market,0,histgex
2026-03-17,11:00,SPX,Historical,In-Market,0,histgex
2026-03-17,11:30,SPX,Historical,In-Market,0,histgex
2026-03-17,12:00,SPX,Historical,In-Market,0,histgex
2026-03-17,12:30,SPX,Historical,In-Market,0,histgex
2026-03-17,13:00,SPX,Historical,In-Market,0,histgex
2026-03-17,13:30,SPX,Historical,In-Market,0,histgex
2026-03-17,14:00,SPX,Historical,In-Market,0,histgex
2026-03-17,14:30,SPX,Historical,In-Market,0,histgex
2026-03-17,15:00,SPX,Historical,In-Market,0,histgex
2026-03-17,15:30,SPX,Historical,In-Market,0,histgex
2026-03-16,09:30,SPX,Historical,In-Market,0,histgex
2026-03-16,10:00,SPX,Historical,In-Market,0,histgex
2026-03-16,10:30,SPX,Historical,In-Market,0,histgex
2026-03-16,11:00,SPX,Historical,In-Market,0,histgex
2026-03-16,11:30,SPX,Historical,In-Market,0,histgex
2026-03-16,12:00,SPX,Historical,In-Market,0,histgex
2026-03-16,12:30,SPX,Historical,In-Market,0,histgex
2026-03-16,13:00,SPX,Historical,In-Market,0,histgex
2026-03-16,13:30,SPX,Historical,In-Market,0,histgex
2026-03-16,14:00,SPX,Historical,In-Market,0,histgex
2026-03-16,14:30,SPX,Historical,In-Market,0,histgex
2026-03-16,15:00,SPX,Historical,In-Market,0,histgex
2026-03-16,15:30,SPX,Historical,In-Market,0,histgex
2026-03-13,09:30,SPX,Historical,In-Market,0,histgex
2026-03-13,10:00,SPX,Historical,In-Market,0,histgex
2026-03-13,10:30,SPX,Historical,In-Market,0,histgex
2026-03-13,11:00,SPX,Historical,In-Market,0,histgex
2026-03-13,11:30,SPX,Historical,In-Market,0,histgex
2026-03-13,12:00,SPX,Historical,In-Market,0,histgex
2026-03-13,12:30,SPX,Historical,In-Market,0,histgex
2026-03-13,13:00,SPX,Historical,In-Market,0,histgex
2026-03-13,13:30,SPX,Historical,In-Market,0,histgex
2026-03-13,14:00,SPX,Historical,In-Market,0,histgex
2026-03-13,14:30,SPX,Historical,In-Market,0,histgex
2026-03-13,15:00,SPX,Historical,In-Market,0,histgex
2026-03-13,15:30,SPX,Historical,In-Market,0,histgex
2026-03-12,09:30,SPX,Historical,In-Market,0,histgex
2026-03-12,10:00,SPX,Historical,In-Market,0,histgex
2026-03-12,10:30,SPX,Historical,In-Market,0,histgex
2026-03-12,11:00,SPX,Historical,In-Market,0,histgex
2026-03-12,11:30,SPX,Historical,In-Market,0,histgex
2026-03-12,12:00,SPX,Historical,In-Market,0,histgex
2026-03-12,12:30,SPX,Historical,In-Market,0,histgex
2026-03-12,13:00,SPX,Historical,In-Market,0,histgex
2026-03-12,13:30,SPX,Historical,In-Market,0,histgex
2026-03-12,14:00,SPX,Historical,In-Market,0,histgex
2026-03-12,14:30,SPX,Historical,In-Market,0,histgex
2026-03-12,15:00,SPX,Historical,In-Market,0,histgex
2026-03-12,15:30,SPX,Historical,In-Market,0,histgex
2026-03-11,09:30,SPX,Historical,In-Market,0,histgex
2026-03-11,10:00,SPX,Historical,In-Market,0,histgex
2026-03-11,10:30,SPX,Historical,In-Market,0,histgex
2026-03-11,11:00,SPX,Historical,In-Market,0,histgex
2026-03-11,11:30,SPX,Historical,In-Market,0,histgex
2026-03-11,12:00,SPX,Historical,In-Market,0,histgex
2026-03-11,12:30,SPX,Historical,In-Market,0,histgex
2026-03-11,13:00,SPX,Historical,In-Market,0,histgex
2026-03-11,13:30,SPX,Historical,In-Market,0,histgex
2026-03-11,14:00,SPX,Historical,In-Market,0,histgex
2026-03-11,14:30,SPX,Historical,In-Market,0,histgex
2026-03-11,15:00,SPX,Historical,In-Market,0,histgex
2026-03-11,15:30,SPX,Historical,In-Market,0,histgex
2026-03-10,09:30,SPX,Historical,In-Market,0,histgex
2026-03-10,10:00,SPX,Historical,In-Market,0,histgex
2026-03-10,10:30,SPX,Historical,In-Market,0,histgex
2026-03-10,11:00,SPX,Historical,In-Market,0,histgex
2026-03-10,11:30,SPX,Historical,In-Market,0,histgex
2026-03-10,12:00,SPX,Historical,In-Market,0,histgex
2026-03-10,12:30,SPX,Historical,In-Market,0,histgex
2026-03-10,13:00,SPX,Historical,In-Market,0,histgex
2026-03-10,13:30,SPX,Historical,In-Market,0,histgex
2026-03-10,14:00,SPX,Historical,In-Market,0,histgex
2026-03-10,14:30,SPX,Historical,In-Market,0,histgex
2026-03-10,15:00,SPX,Historical,In-Market,0,histgex
2026-03-10,15:30,SPX,Historical,In-Market,0,histgex
2026-03-09,09:30,SPX,Historical,In-Market,0,histgex
2026-03-09,10:00,SPX,Historical,In-Market,0,histgex
2026-03-09,10:30,SPX,Historical,In-Market,0,histgex
2026-03-09,11:00,SPX,Historical,In-Market,0,histgex
2026-03-09,11:30,SPX,Historical,In-Market,0,histgex
2026-03-09,12:00,SPX,Historical,In-Market,0,histgex
2026-03-09,12:30,SPX,Historical,In-Market,0,histgex
2026-03-09,13:00,SPX,Historical,In-Market,0,histgex
2026-03-09,13:30,SPX,Historical,In-Market,0,histgex
2026-03-09,14:00,SPX,Historical,In-Market,0,histgex
2026-03-09,14:30,SPX,Historical,In-Market,0,histgex
2026-03-09,15:00,SPX,Historical,In-Market,0,histgex
2026-03-09,15:30,SPX,Historical,In-Market,0,histgex
2026-03-06,09:30,SPX,Historical,In-Market,0,histgex
2026-03-06,10:00,SPX,Historical,In-Market,0,histgex
2026-03-06,10:30,SPX,Historical,In-Market,0,histgex
2026-03-06,11:00,SPX,Historical,In-Market,0,histgex
2026-03-06,11:30,SPX,Historical,In-Market,0,histgex
2026-03-06,12:00,SPX,Historical,In-Market,0,histgex
2026-03-06,12:30,SPX,Historical,In-Market,0,histgex
2026-03-06,13:00,SPX,Historical,In-Market,0,histgex
2026-03-06,13:30,SPX,Historical,In-Market,0,histgex
2026-03-06,14:00,SPX,Historical,In-Market,0,histgex
2026-03-06,14:30,SPX,Historical,In-Market,0,histgex
2026-03-06,15:00,SPX,Historical,In-Market,0,histgex
2026-03-06,15:30,SPX,Historical,In-Market,0,histgex
2026-03-05,09:30,SPX,Historical,In-Market,0,histgex
2026-03-05,10:00,SPX,Historical,In-Market,0,histgex
2026-03-05,10:30,SPX,Historical,In-Market,0,histgex
2026-03-05,11:00,SPX,Historical,In-Market,0,histgex
2026-03-05,11:30,SPX,Historical,In-Market,0,histgex
2026-03-05,12:00,SPX,Historical,In-Market,0,histgex
2026-03-05,12:30,SPX,Historical,In-Market,0,histgex
2026-03-05,13:00,SPX,Historical,In-Market,0,histgex
2026-03-05,13:30,SPX,Historical,In-Market,0,histgex
2026-03-05,14:00,SPX,Historical,In-Market,0,histgex
2026-03-05,14:30,SPX,Historical,In-Market,0,histgex
2026-03-05,15:00,SPX,Historical,In-Market,0,histgex
2026-03-05,15:30,SPX,Historical,In-Market,0,histgex
2026-03-04,09:30,SPX,Historical,In-Market,0,histgex
2026-03-04,10:00,SPX,Historical,In-Market,0,histgex
2026-03-04,10:30,SPX,Historical,In-Market,0,histgex
2026-03-04,11:00,SPX,Historical,In-Market,0,histgex
2026-03-04,11:30,SPX,Historical,In-Market,0,histgex
2026-03-04,12:00,SPX,Historical,In-Market,0,histgex
2026-03-04,12:30,SPX,Historical,In-Market,0,histgex
2026-03-04,13:00,SPX,Historical,In-Market,0,histgex
2026-03-04,13:30,SPX,Historical,In-Market,0,histgex
2026-03-04,14:00,SPX,Historical,In-Market,0,histgex
2026-03-04,14:30,SPX,Historical,In-Market,0,histgex
2026-03-04,15:00,SPX,Historical,In-Market,0,histgex
2026-03-04,15:30,SPX,Historical,In-Market,0,histgex
2026-03-03,09:30,SPX,Historical,In-Market,0,histgex
2026-03-03,10:00,SPX,Historical,In-Market,0,histgex
2026-03-03,10:30,SPX,Historical,In-Market,0,histgex
2026-03-03,11:00,SPX,Historical,In-Market,0,histgex
2026-03-03,11:30,SPX,Historical,In-Market,0,histgex
2026-03-03,12:00,SPX,Historical,In-Market,0,histgex
2026-03-03,12:30,SPX,Historical,In-Market,0,histgex
2026-03-03,13:00,SPX,Historical,In-Market,0,histgex
2026-03-03,13:30,SPX,Historical,In-Market,0,histgex
2026-03-03,14:00,SPX,Historical,In-Market,0,histgex
2026-03-03,14:30,SPX,Historical,In-Market,0,histgex
2026-03-03,15:00,SPX,Historical,In-Market,0,histgex
2026-03-03,15:30,SPX,Historical,In-Market,0,histgex
2026-03-02,09:30,SPX,Historical,In-Market,0,histgex
2026-03-02,10:00,SPX,Historical,In-Market,0,histgex
2026-03-02,10:30,SPX,Historical,In-Market,0,histgex
2026-03-02,11:00,SPX,Historical,In-Market,0,histgex
2026-03-02,11:30,SPX,Historical,In-Market,0,histgex
2026-03-02,12:00,SPX,Historical,In-Market,0,histgex
2026-03-02,12:30,SPX,Historical,In-Market,0,histgex
2026-03-02,13:00,SPX,Historical,In-Market,0,histgex
2026-03-02,13:30,SPX,Historical,In-Market,0,histgex
2026-03-02,14:00,SPX,Historical,In-Market,0,histgex
2026-03-02,14:30,SPX,Historical,In-Market,0,histgex
2026-03-02,15:00,SPX,Historical,In-Market,0,histgex
2026-03-02,15:30,SPX,Historical,In-Market,0,histgex
2026-02-27,09:30,SPX,Historical,In-Market,0,histgex
2026-02-27,10:00,SPX,Historical,In-Market,0,histgex
2026-02-27,10:30,SPX,Historical,In-Market,0,histgex
2026-02-27,11:00,SPX,Historical,In-Market,0,histgex
2026-02-27,11:30,SPX,Historical,In-Market,0,histgex
2026-02-27,12:00,SPX,Historical,In-Market,0,histgex
2026-02-27,12:30,SPX,Historical,In-Market,0,histgex
2026-02-27,13:00,SPX,Historical,In-Market,0,histgex
2026-02-27,13:30,SPX,Historical,In-Market,0,histgex
2026-02-27,14:00,SPX,Historical,In-Market,0,histgex
2026-02-27,14:30,SPX,Historical,In-Market,0,histgex
2026-02-27,15:00,SPX,Historical,In-Market,0,histgex
2026-02-27,15:30,SPX,Historical,In-Market,0,histgex
2026-02-26,09:30,SPX,Historical,In-Market,0,histgex
2026-02-26,10:00,SPX,Historical,In-Market,0,histgex
2026-02-26,10:30,SPX,Historical,In-Market,0,histgex
2026-02-26,11:00,SPX,Historical,In-Market,0,histgex
2026-02-26,11:30,SPX,Historical,In-Market,0,histgex
2026-02-26,12:00,SPX,Historical,In-Market,0,histgex
2026-02-26,12:30,SPX,Historical,In-Market,0,histgex
2026-02-26,13:00,SPX,Historical,In-Market,0,histgex
2026-02-26,13:30,SPX,Historical,In-Market,0,histgex
2026-02-26,14:00,SPX,Historical,In-Market,0,histgex
2026-02-26,14:30,SPX,Historical,In-Market,0,histgex
2026-02-26,15:00,SPX,Historical,In-Market,0,histgex
2026-02-26,15:30,SPX,Historical,In-Market,0,histgex
2026-02-25,09:30,SPX,Historical,In-Market,0,histgex
2026-02-25,10:00,SPX,Historical,In-Market,0,histgex
2026-02-25,10:30,SPX,Historical,In-Market,0,histgex
2026-02-25,11:00,SPX,Historical,In-Market,0,histgex
2026-02-25,11:30,SPX,Historical,In-Market,0,histgex
2026-02-25,12:00,SPX,Historical,In-Market,0,histgex
2026-02-25,12:30,SPX,Historical,In-Market,0,histgex
2026-02-25,13:00,SPX,Historical,In-Market,0,histgex
2026-02-25,13:30,SPX,Historical,In-Market,0,histgex
2026-02-25,14:00,SPX,Historical,In-Market,0,histgex
2026-02-25,14:30,SPX,Historical,In-Market,0,histgex
2026-02-25,15:00,SPX,Historical,In-Market,0,histgex
2026-02-25,15:30,SPX,Historical,In-Market,0,histgex
2026-02-24,09:30,SPX,Historical,In-Market,0,histgex
2026-02-24,10:00,SPX,Historical,In-Market,0,histgex
2026-02-24,10:30,SPX,Historical,In-Market,0,histgex
2026-02-24,11:00,SPX,Historical,In-Market,0,histgex
2026-02-24,11:30,SPX,Historical,In-Market,0,histgex
2026-02-24,12:00,SPX,Historical,In-Market,0,histgex
2026-02-24,12:30,SPX,Historical,In-Market,0,histgex
2026-02-24,13:00,SPX,Historical,In-Market,0,histgex
2026-02-24,13:30,SPX,Historical,In-Market,0,histgex
2026-02-24,14:00,SPX,Historical,In-Market,0,histgex
2026-02-24,14:30,SPX,Historical,In-Market,0,histgex
2026-02-24,15:00,SPX,Historical,In-Market,0,histgex
2026-02-24,15:30,SPX,Historical,In-Market,0,histgex
2026-02-23,09:30,SPX,Historical,In-Market,0,histgex
2026-02-23,10:00,SPX,Historical,In-Market,0,histgex
2026-02-23,10:30,SPX,Historical,In-Market,0,histgex
2026-02-23,11:00,SPX,Historical,In-Market,0,histgex
2026-02-23,11:30,SPX,Historical,In-Market,0,histgex
2026-02-23,12:00,SPX,Historical,In-Market,0,histgex
2026-02-23,12:30,SPX,Historical,In-Market,0,histgex
2026-02-23,13:00,SPX,Historical,In-Market,0,histgex
2026-02-23,13:30,SPX,Historical,In-Market,0,histgex
2026-02-23,14:00,SPX,Historical,In-Market,0,histgex
2026-02-23,14:30,SPX,Historical,In-Market,0,histgex
2026-02-23,15:00,SPX,Historical,In-Market,0,histgex
2026-02-23,15:30,SPX,Historical,In-Market,0,histgex
2026-02-20,09:30,SPX,Historical,In-Market,0,histgex
2026-02-20,10:00,SPX,Historical,In-Market,0,histgex
2026-02-20,10:30,SPX,Historical,In-Market,0,histgex
2026-02-20,11:00,SPX,Historical,In-Market,0,histgex
2026-02-20,11:30,SPX,Historical,In-Market,0,histgex
2026-02-20,12:00,SPX,Historical,In-Market,0,histgex
2026-02-20,12:30,SPX,Historical,In-Market,0,histgex
2026-02-20,13:00,SPX,Historical,In-Market,0,histgex
2026-02-20,13:30,SPX,Historical,In-Market,0,histgex
2026-02-20,14:00,SPX,Historical,In-Market,0,histgex
2026-02-20,14:30,SPX,Historical,In-Market,0,histgex
2026-02-20,15:00,SPX,Historical,In-Market,0,histgex
2026-02-20,15:30,SPX,Historical,In-Market,0,histgex
2026-02-19,09:30,SPX,Historical,In-Market,0,histgex
2026-02-19,10:00,SPX,Historical,In-Market,0,histgex
2026-02-19,10:30,SPX,Historical,In-Market,0,histgex
2026-02-19,11:00,SPX,Historical,In-Market,0,histgex
2026-02-19,11:30,SPX,Historical,In-Market,0,histgex
2026-02-19,12:00,SPX,Historical,In-Market,0,histgex
2026-02-19,12:30,SPX,Historical,In-Market,0,histgex
2026-02-19,13:00,SPX,Historical,In-Market,0,histgex
2026-02-19,13:30,SPX,Historical,In-Market,0,histgex
2026-02-19,14:00,SPX,Historical,In-Market,0,histgex
2026-02-19,14:30,SPX,Historical,In-Market,0,histgex
2026-02-19,15:00,SPX,Historical,In-Market,0,histgex
2026-02-19,15:30,SPX,Historical,In-Market,0,histgex
2026-02-18,09:30,SPX,Historical,In-Market,0,histgex
2026-02-18,10:00,SPX,Historical,In-Market,0,histgex
2026-02-18,10:30,SPX,Historical,In-Market,0,histgex
2026-02-18,11:00,SPX,Historical,In-Market,0,histgex
2026-02-18,11:30,SPX,Historical,In-Market,0,histgex
2026-02-18,12:00,SPX,Historical,In-Market,0,histgex
2026-02-18,12:30,SPX,Historical,In-Market,0,histgex
2026-02-18,13:00,SPX,Historical,In-Market,0,histgex
2026-02-18,13:30,SPX,Historical,In-Market,0,histgex
2026-02-18,14:00,SPX,Historical,In-Market,0,histgex
2026-02-18,14:30,SPX,Historical,In-Market,0,histgex
2026-02-18,15:00,SPX,Historical,In-Market,0,histgex
2026-02-18,15:30,SPX,Historical,In-Market,0,histgex
2026-02-17,09:30,SPX,Historical,In-Market,0,histgex
2026-02-17,10:00,SPX,Historical,In-Market,0,histgex
2026-02-17,10:30,SPX,Historical,In-Market,0,histgex
2026-02-17,11:00,SPX,Historical,In-Market,0,histgex
2026-02-17,11:30,SPX,Historical,In-Market,0,histgex
2026-02-17,12:00,SPX,Historical,In-Market,0,histgex
2026-02-17,12:30,SPX,Historical,In-Market,0,histgex
2026-02-17,13:00,SPX,Historical,In-Market,0,histgex
2026-02-17,13:30,SPX,Historical,In-Market,0,histgex
2026-02-17,14:00,SPX,Historical,In-Market,0,histgex
2026-02-17,14:30,SPX,Historical,In-Market,0,histgex
2026-02-17,15:00,SPX,Historical,In-Market,0,histgex
2026-02-17,15:30,SPX,Historical,In-Market,0,histgex
2026-02-13,09:30,SPX,Historical,In-Market,0,histgex
2026-02-13,10:00,SPX,Historical,In-Market,0,histgex
2026-02-13,10:30,SPX,Historical,In-Market,0,histgex
2026-02-13,11:00,SPX,Historical,In-Market,0,histgex
2026-02-13,11:30,SPX,Historical,In-Market,0,histgex
2026-02-13,12:00,SPX,Historical,In-Market,0,histgex
2026-02-13,12:30,SPX,Historical,In-Market,0,histgex
2026-02-13,13:00,SPX,Historical,In-Market,0,histgex
2026-02-13,13:30,SPX,Historical,In-Market,0,histgex
2026-02-13,14:00,SPX,Historical,In-Market,0,histgex
2026-02-13,14:30,SPX,Historical,In-Market,0,histgex
2026-02-13,15:00,SPX,Historical,In-Market,0,histgex
2026-02-13,15:30,SPX,Historical,In-Market,0,histgex
2026-02-12,09:30,SPX,Historical,In-Market,0,histgex
2026-02-12,10:00,SPX,Historical,In-Market,0,histgex
2026-02-12,10:30,SPX,Historical,In-Market,0,histgex
2026-02-12,11:00,SPX,Historical,In-Market,0,histgex
2026-02-12,11:30,SPX,Historical,In-Market,0,histgex
2026-02-12,12:00,SPX,Historical,In-Market,0,histgex
2026-02-12,12:30,SPX,Historical,In-Market,0,histgex
2026-02-12,13:00,SPX,Historical,In-Market,0,histgex
2026-02-12,13:30,SPX,Historical,In-Market,0,histgex
2026-02-12,14:00,SPX,Historical,In-Market,0,histgex
2026-02-12,14:30,SPX,Historical,In-Market,0,histgex
2026-02-12,15:00,SPX,Historical,In-Market,0,histgex
2026-02-12,15:30,SPX,Historical,In-Market,0,histgex
2026-02-11,09:30,SPX,Historical,In-Market,0,histgex
2026-02-11,10:00,SPX,Historical,In-Market,0,histgex
2026-02-11,10:30,SPX,Historical,In-Market,0,histgex
2026-02-11,11:00,SPX,Historical,In-Market,0,histgex
2026-02-11,11:30,SPX,Historical,In-Market,0,histgex
2026-02-11,12:00,SPX,Historical,In-Market,0,histgex
2026-02-11,12:30,SPX,Historical,In-Market,0,histgex
2026-02-11,13:00,SPX,Historical,In-Market,0,histgex
2026-02-11,13:30,SPX,Historical,In-Market,0,histgex
2026-02-11,14:00,SPX,Historical,In-Market,0,histgex
2026-02-11,14:30,SPX,Historical,In-Market,0,histgex
2026-02-11,15:00,SPX,Historical,In-Market,0,histgex
2026-02-11,15:30,SPX,Historical,In-Market,0,histgex
2026-02-10,09:30,SPX,Historical,In-Market,0,histgex
2026-02-10,10:00,SPX,Historical,In-Market,0,histgex
2026-02-10,10:30,SPX,Historical,In-Market,0,histgex
2026-02-10,11:00,SPX,Historical,In-Market,0,histgex
2026-02-10,11:30,SPX,Historical,In-Market,0,histgex
2026-02-10,12:00,SPX,Historical,In-Market,0,histgex
2026-02-10,12:30,SPX,Historical,In-Market,0,histgex
2026-02-10,13:00,SPX,Historical,In-Market,0,histgex
2026-02-10,13:30,SPX,Historical,In-Market,0,histgex
2026-02-10,14:00,SPX,Historical,In-Market,0,histgex
2026-02-10,14:30,SPX,Historical,In-Market,0,histgex
2026-02-10,15:00,SPX,Historical,In-Market,0,histgex
2026-02-10,15:30,SPX,Historical,In-Market,0,histgex
2026-02-09,09:30,SPX,Historical,In-Market,0,histgex
2026-02-09,10:00,SPX,Historical,In-Market,0,histgex
2026-02-09,10:30,SPX,Historical,In-Market,0,histgex
2026-02-09,11:00,SPX,Historical,In-Market,0,histgex
2026-02-09,11:30,SPX,Historical,In-Market,0,histgex
2026-02-09,12:00,SPX,Historical,In-Market,0,histgex
2026-02-09,12:30,SPX,Historical,In-Market,0,histgex
2026-02-09,13:00,SPX,Historical,In-Market,0,histgex
2026-02-09,13:30,SPX,Historical,In-Market,0,histgex
2026-02-09,14:00,SPX,Historical,In-Market,0,histgex
2026-02-09,14:30,SPX,Historical,In-Market,0,histgex
2026-02-09,15:00,SPX,Historical,In-Market,0,histgex
2026-02-09,15:30,SPX,Historical,In-Market,0,histgex
2026-02-06,09:30,SPX,Historical,In-Market,0,histgex
2026-02-06,10:00,SPX,Historical,In-Market,0,histgex
2026-02-06,10:30,SPX,Historical,In-Market,0,histgex
2026-02-06,11:00,SPX,Historical,In-Market,0,histgex
2026-02-06,11:30,SPX,Historical,In-Market,0,histgex
2026-02-06,12:00,SPX,Historical,In-Market,0,histgex
2026-02-06,12:30,SPX,Historical,In-Market,0,histgex
2026-02-06,13:00,SPX,Historical,In-Market,0,histgex
2026-02-06,13:30,SPX,Historical,In-Market,0,histgex
2026-02-06,14:00,SPX,Historical,In-Market,0,histgex
2026-02-06,14:30,SPX,Historical,In-Market,0,histgex
2026-02-06,15:00,SPX,Historical,In-Market,0,histgex
2026-02-06,15:30,SPX,Historical,In-Market,0,histgex
2026-02-05,09:30,SPX,Historical,In-Market,0,histgex
2026-02-05,10:00,SPX,Historical,In-Market,0,histgex
2026-02-05,10:30,SPX,Historical,In-Market,0,histgex
2026-02-05,11:00,SPX,Historical,In-Market,0,histgex
2026-02-05,11:30,SPX,Historical,In-Market,0,histgex
2026-02-05,12:00,SPX,Historical,In-Market,0,histgex
2026-02-05,12:30,SPX,Historical,In-Market,0,histgex
2026-02-05,13:00,SPX,Historical,In-Market,0,histgex
2026-02-05,13:30,SPX,Historical,In-Market,0,histgex
2026-02-05,14:00,SPX,Historical,In-Market,0,histgex
2026-02-05,14:30,SPX,Historical,In-Market,0,histgex
2026-02-05,15:00,SPX,Historical,In-Market,0,histgex
2026-02-05,15:30,SPX,Historical,In-Market,0,histgex
2026-02-04,09:30,SPX,Historical,In-Market,0,histgex
2026-02-04,10:00,SPX,Historical,In-Market,0,histgex
2026-02-04,10:30,SPX,Historical,In-Market,0,histgex
2026-02-04,11:00,SPX,Historical,In-Market,0,histgex
2026-02-04,11:30,SPX,Historical,In-Market,0,histgex
2026-02-04,12:00,SPX,Historical,In-Market,0,histgex
2026-02-04,12:30,SPX,Historical,In-Market,0,histgex
2026-02-04,13:00,SPX,Historical,In-Market,0,histgex
2026-02-04,13:30,SPX,Historical,In-Market,0,histgex
2026-02-04,14:00,SPX,Historical,In-Market,0,histgex
2026-02-04,14:30,SPX,Historical,In-Market,0,histgex
2026-02-04,15:00,SPX,Historical,In-Market,0,histgex
2026-02-04,15:30,SPX,Historical,In-Market,0,histgex
2026-02-03,09:30,SPX,Historical,In-Market,0,histgex
2026-02-03,10:00,SPX,Historical,In-Market,0,histgex
2026-02-03,10:30,SPX,Historical,In-Market,0,histgex
2026-02-03,11:00,SPX,Historical,In-Market,0,histgex
2026-02-03,11:30,SPX,Historical,In-Market,0,histgex
2026-02-03,12:00,SPX,Historical,In-Market,0,histgex
2026-02-03,12:30,SPX,Historical,In-Market,0,histgex
2026-02-03,13:00,SPX,Historical,In-Market,0,histgex
2026-02-03,13:30,SPX,Historical,In-Market,0,histgex
2026-02-03,14:00,SPX,Historical,In-Market,0,histgex
2026-02-03,14:30,SPX,Historical,In-Market,0,histgex
2026-02-03,15:00,SPX,Historical,In-Market,0,histgex
2026-02-03,15:30,SPX,Historical,In-Market,0,histgex
2026-02-02,09:30,SPX,Historical,In-Market,0,histgex
2026-02-02,10:00,SPX,Historical,In-Market,0,histgex
2026-02-02,10:30,SPX,Historical,In-Market,0,histgex
2026-02-02,11:00,SPX,Historical,In-Market,0,histgex
2026-02-02,11:30,SPX,Historical,In-Market,0,histgex
2026-02-02,12:00,SPX,Historical,In-Market,0,histgex
2026-02-02,12:30,SPX,Historical,In-Market,0,histgex
2026-02-02,13:00,SPX,Historical,In-Market,0,histgex
2026-02-02,13:30,SPX,Historical,In-Market,0,histgex
2026-02-02,14:00,SPX,Historical,In-Market,0,histgex
2026-02-02,14:30,SPX,Historical,In-Market,0,histgex
2026-02-02,15:00,SPX,Historical,In-Market,0,histgex
2026-02-02,15:30,SPX,Historical,In-Market,0,histgex
2026-01-30,09:30,SPX,Historical,In-Market,0,histgex
2026-01-30,10:00,SPX,Historical,In-Market,0,histgex
2026-01-30,10:30,SPX,Historical,In-Market,0,histgex
2026-01-30,11:00,SPX,Historical,In-Market,0,histgex
2026-01-30,11:30,SPX,Historical,In-Market,0,histgex
2026-01-30,12:00,SPX,Historical,In-Market,0,histgex
2026-01-30,12:30,SPX,Historical,In-Market,0,histgex
2026-01-30,13:00,SPX,Historical,In-Market,0,histgex
2026-01-30,13:30,SPX,Historical,In-Market,0,histgex
2026-01-30,14:00,SPX,Historical,In-Market,0,histgex
2026-01-30,14:30,SPX,Historical,In-Market,0,histgex
2026-01-30,15:00,SPX,Historical,In-Market,0,histgex
2026-01-30,15:30,SPX,Historical,In-Market,0,histgex
2026-01-29,09:30,SPX,Historical,In-Market,0,histgex
2026-01-29,10:00,SPX,Historical,In-Market,0,histgex
2026-01-29,10:30,SPX,Historical,In-Market,0,histgex
2026-01-29,11:00,SPX,Historical,In-Market,0,histgex
2026-01-29,11:30,SPX,Historical,In-Market,0,histgex
2026-01-29,12:00,SPX,Historical,In-Market,0,histgex
2026-01-29,12:30,SPX,Historical,In-Market,0,histgex
2026-01-29,13:00,SPX,Historical,In-Market,0,histgex
2026-01-29,13:30,SPX,Historical,In-Market,0,histgex
2026-01-29,14:00,SPX,Historical,In-Market,0,histgex
2026-01-29,14:30,SPX,Historical,In-Market,0,histgex
2026-01-29,15:00,SPX,Historical,In-Market,0,histgex
2026-01-29,15:30,SPX,Historical,In-Market,0,histgex
2026-01-28,09:30,SPX,Historical,In-Market,0,histgex
2026-01-28,10:00,SPX,Historical,In-Market,0,histgex
2026-01-28,10:30,SPX,Historical,In-Market,0,histgex
2026-01-28,11:00,SPX,Historical,In-Market,0,histgex
2026-01-28,11:30,SPX,Historical,In-Market,0,histgex
2026-01-28,12:00,SPX,Historical,In-Market,0,histgex
2026-01-28,12:30,SPX,Historical,In-Market,0,histgex
2026-01-28,13:00,SPX,Historical,In-Market,0,histgex
2026-01-28,13:30,SPX,Historical,In-Market,0,histgex
2026-01-28,14:00,SPX,Historical,In-Market,0,histgex
2026-01-28,14:30,SPX,Historical,In-Market,0,histgex
2026-01-28,15:00,SPX,Historical,In-Market,0,histgex
2026-01-28,15:30,SPX,Historical,In-Market,0,histgex
2026-01-27,09:30,SPX,Historical,In-Market,0,histgex
2026-01-27,10:00,SPX,Historical,In-Market,0,histgex
2026-01-27,10:30,SPX,Historical,In-Market,0,histgex
2026-01-27,11:00,SPX,Historical,In-Market,0,histgex
2026-01-27,11:30,SPX,Historical,In-Market,0,histgex
2026-01-27,12:00,SPX,Historical,In-Market,0,histgex
2026-01-27,12:30,SPX,Historical,In-Market,0,histgex
2026-01-27,13:00,SPX,Historical,In-Market,0,histgex
2026-01-27,13:30,SPX,Historical,In-Market,0,histgex
2026-01-27,14:00,SPX,Historical,In-Market,0,histgex
2026-01-27,14:30,SPX,Historical,In-Market,0,histgex
2026-01-27,15:00,SPX,Historical,In-Market,0,histgex
2026-01-27,15:30,SPX,Historical,In-Market,0,histgex
2026-01-26,09:30,SPX,Historical,In-Market,0,histgex
2026-01-26,10:00,SPX,Historical,In-Market,0,histgex
2026-01-26,10:30,SPX,Historical,In-Market,0,histgex
2026-01-26,11:00,SPX,Historical,In-Market,0,histgex
2026-01-26,11:30,SPX,Historical,In-Market,0,histgex
2026-01-26,12:00,SPX,Historical,In-Market,0,histgex
2026-01-26,12:30,SPX,Historical,In-Market,0,histgex
2026-01-26,13:00,SPX,Historical,In-Market,0,histgex
2026-01-26,13:30,SPX,Historical,In-Market,0,histgex
2026-01-26,14:00,SPX,Historical,In-Market,0,histgex
2026-01-26,14:30,SPX,Historical,In-Market,0,histgex
2026-01-26,15:00,SPX,Historical,In-Market,0,histgex
2026-01-26,15:30,SPX,Historical,In-Market,0,histgex
2026-01-23,09:30,SPX,Historical,In-Market,0,histgex
2026-01-23,10:00,SPX,Historical,In-Market,0,histgex
2026-01-23,10:30,SPX,Historical,In-Market,0,histgex
2026-01-23,11:00,SPX,Historical,In-Market,0,histgex
2026-01-23,11:30,SPX,Historical,In-Market,0,histgex
2026-01-23,12:00,SPX,Historical,In-Market,0,histgex
2026-01-23,12:30,SPX,Historical,In-Market,0,histgex
2026-01-23,13:00,SPX,Historical,In-Market,0,histgex
2026-01-23,13:30,SPX,Historical,In-Market,0,histgex
2026-01-23,14:00,SPX,Historical,In-Market,0,histgex
2026-01-23,14:30,SPX,Historical,In-Market,0,histgex
2026-01-23,15:00,SPX,Historical,In-Market,0,histgex
2026-01-23,15:30,SPX,Historical,In-Market,0,histgex
2026-01-22,09:30,SPX,Historical,In-Market,0,histgex
2026-01-22,10:00,SPX,Historical,In-Market,0,histgex
2026-01-22,10:30,SPX,Historical,In-Market,0,histgex
2026-01-22,11:00,SPX,Historical,In-Market,0,histgex
2026-01-22,11:30,SPX,Historical,In-Market,0,histgex
2026-01-22,12:00,SPX,Historical,In-Market,0,histgex
2026-01-22,12:30,SPX,Historical,In-Market,0,histgex
2026-01-22,13:00,SPX,Historical,In-Market,0,histgex
2026-01-22,13:30,SPX,Historical,In-Market,0,histgex
2026-01-22,14:00,SPX,Historical,In-Market,0,histgex
2026-01-22,14:30,SPX,Historical,In-Market,0,histgex
2026-01-22,15:00,SPX,Historical,In-Market,0,histgex
2026-01-22,15:30,SPX,Historical,In-Market,0,histgex
2026-01-21,09:30,SPX,Historical,In-Market,0,histgex
2026-01-21,10:00,SPX,Historical,In-Market,0,histgex
2026-01-21,10:30,SPX,Historical,In-Market,0,histgex
2026-01-21,11:00,SPX,Historical,In-Market,0,histgex
2026-01-21,11:30,SPX,Historical,In-Market,0,histgex
2026-01-21,12:00,SPX,Historical,In-Market,0,histgex
2026-01-21,12:30,SPX,Historical,In-Market,0,histgex
2026-01-21,13:00,SPX,Historical,In-Market,0,histgex
2026-01-21,13:30,SPX,Historical,In-Market,0,histgex
2026-01-21,14:00,SPX,Historical,In-Market,0,histgex
2026-01-21,14:30,SPX,Historical,In-Market,0,histgex
2026-01-21,15:00,SPX,Historical,In-Market,0,histgex
2026-01-21,15:30,SPX,Historical,In-Market,0,histgex
2026-01-20,09:30,SPX,Historical,In-Market,0,histgex
2026-01-20,10:00,SPX,Historical,In-Market,0,histgex
2026-01-20,10:30,SPX,Historical,In-Market,0,histgex
2026-01-20,11:00,SPX,Historical,In-Market,0,histgex
2026-01-20,11:30,SPX,Historical,In-Market,0,histgex
2026-01-20,12:00,SPX,Historical,In-Market,0,histgex
2026-01-20,12:30,SPX,Historical,In-Market,0,histgex
2026-01-20,13:00,SPX,Historical,In-Market,0,histgex
2026-01-20,13:30,SPX,Historical,In-Market,0,histgex
2026-01-20,14:00,SPX,Historical,In-Market,0,histgex
2026-01-20,14:30,SPX,Historical,In-Market,0,histgex
2026-01-20,15:00,SPX,Historical,In-Market,0,histgex
2026-01-20,15:30,SPX,Historical,In-Market,0,histgex
2026-01-16,09:30,SPX,Historical,In-Market,0,histgex
2026-01-16,10:00,SPX,Historical,In-Market,0,histgex
2026-01-16,10:30,SPX,Historical,In-Market,0,histgex
2026-01-16,11:00,SPX,Historical,In-Market,0,histgex
2026-01-16,11:30,SPX,Historical,In-Market,0,histgex
2026-01-16,12:00,SPX,Historical,In-Market,0,histgex
2026-01-16,12:30,SPX,Historical,In-Market,0,histgex
2026-01-16,13:00,SPX,Historical,In-Market,0,histgex
2026-01-16,13:30,SPX,Historical,In-Market,0,histgex
2026-01-16,14:00,SPX,Historical,In-Market,0,histgex
2026-01-16,14:30,SPX,Historical,In-Market,0,histgex
2026-01-16,15:00,SPX,Historical,In-Market,0,histgex
2026-01-16,15:30,SPX,Historical,In-Market,0,histgex
2026-01-15,09:30,SPX,Historical,In-Market,0,histgex
2026-01-15,10:00,SPX,Historical,In-Market,0,histgex
2026-01-15,10:30,SPX,Historical,In-Market,0,histgex
2026-01-15,11:00,SPX,Historical,In-Market,0,histgex
2026-01-15,11:30,SPX,Historical,In-Market,0,histgex
2026-01-15,12:00,SPX,Historical,In-Market,0,histgex
2026-01-15,12:30,SPX,Historical,In-Market,0,histgex
2026-01-15,13:00,SPX,Historical,In-Market,0,histgex
2026-01-15,13:30,SPX,Historical,In-Market,0,histgex
2026-01-15,14:00,SPX,Historical,In-Market,0,histgex
2026-01-15,14:30,SPX,Historical,In-Market,0,histgex
2026-01-15,15:00,SPX,Historical,In-Market,0,histgex
2026-01-15,15:30,SPX,Historical,In-Market,0,histgex
2026-01-14,09:30,SPX,Historical,In-Market,0,histgex
2026-01-14,10:00,SPX,Historical,In-Market,0,histgex
2026-01-14,10:30,SPX,Historical,In-Market,0,histgex
2026-01-14,11:00,SPX,Historical,In-Market,0,histgex
2026-01-14,11:30,SPX,Historical,In-Market,0,histgex
2026-01-14,12:00,SPX,Historical,In-Market,0,histgex
2026-01-14,12:30,SPX,Historical,In-Market,0,histgex
2026-01-14,13:00,SPX,Historical,In-Market,0,histgex
2026-01-14,13:30,SPX,Historical,In-Market,0,histgex
2026-01-14,14:00,SPX,Historical,In-Market,0,histgex
2026-01-14,14:30,SPX,Historical,In-Market,0,histgex
2026-01-14,15:00,SPX,Historical,In-Market,0,histgex
2026-01-14,15:30,SPX,Historical,In-Market,0,histgex
2026-01-13,09:30,SPX,Historical,In-Market,0,histgex
2026-01-13,10:00,SPX,Historical,In-Market,0,histgex
2026-01-13,10:30,SPX,Historical,In-Market,0,histgex
2026-01-13,11:00,SPX,Historical,In-Market,0,histgex
2026-01-13,11:30,SPX,Historical,In-Market,0,histgex
2026-01-13,12:00,SPX,Historical,In-Market,0,histgex
2026-01-13,12:30,SPX,Historical,In-Market,0,histgex
2026-01-13,13:00,SPX,Historical,In-Market,0,histgex
2026-01-13,13:30,SPX,Historical,In-Market,0,histgex
2026-01-13,14:00,SPX,Historical,In-Market,0,histgex
2026-01-13,14:30,SPX,Historical,In-Market,0,histgex
2026-01-13,15:00,SPX,Historical,In-Market,0,histgex
2026-01-13,15:30,SPX,Historical,In-Market,0,histgex
2026-01-12,09:30,SPX,Historical,In-Market,0,histgex
2026-01-12,10:00,SPX,Historical,In-Market,0,histgex
2026-01-12,10:30,SPX,Historical,In-Market,0,histgex
2026-01-12,11:00,SPX,Historical,In-Market,0,histgex
2026-01-12,11:30,SPX,Historical,In-Market,0,histgex
2026-01-12,12:00,SPX,Historical,In-Market,0,histgex
2026-01-12,12:30,SPX,Historical,In-Market,0,histgex
2026-01-12,13:00,SPX,Historical,In-Market,0,histgex
2026-01-12,13:30,SPX,Historical,In-Market,0,histgex
2026-01-12,14:00,SPX,Historical,In-Market,0,histgex
2026-01-12,14:30,SPX,Historical,In-Market,0,histgex
2026-01-12,15:00,SPX,Historical,In-Market,0,histgex
2026-01-12,15:30,SPX,Historical,In-Market,0,histgex
2026-01-09,09:30,SPX,Historical,In-Market,0,histgex
2026-01-09,10:00,SPX,Historical,In-Market,0,histgex
2026-01-09,10:30,SPX,Historical,In-Market,0,histgex
2026-01-09,11:00,SPX,Historical,In-Market,0,histgex
2026-01-09,11:30,SPX,Historical,In-Market,0,histgex
2026-01-09,12:00,SPX,Historical,In-Market,0,histgex
2026-01-09,12:30,SPX,Historical,In-Market,0,histgex
2026-01-09,13:00,SPX,Historical,In-Market,0,histgex
2026-01-09,13:30,SPX,Historical,In-Market,0,histgex
2026-01-09,14:00,SPX,Historical,In-Market,0,histgex
2026-01-09,14:30,SPX,Historical,In-Market,0,histgex
2026-01-09,15:00,SPX,Historical,In-Market,0,histgex
2026-01-09,15:30,SPX,Historical,In-Market,0,histgex
2026-01-08,09:30,SPX,Historical,In-Market,0,histgex
2026-01-08,10:00,SPX,Historical,In-Market,0,histgex
2026-01-08,10:30,SPX,Historical,In-Market,0,histgex
2026-01-08,11:00,SPX,Historical,In-Market,0,histgex
2026-01-08,11:30,SPX,Historical,In-Market,0,histgex
2026-01-08,12:00,SPX,Historical,In-Market,0,histgex
2026-01-08,12:30,SPX,Historical,In-Market,0,histgex
2026-01-08,13:00,SPX,Historical,In-Market,0,histgex
2026-01-08,13:30,SPX,Historical,In-Market,0,histgex
2026-01-08,14:00,SPX,Historical,In-Market,0,histgex
2026-01-08,14:30,SPX,Historical,In-Market,0,histgex
2026-01-08,15:00,SPX,Historical,In-Market,0,histgex
2026-01-08,15:30,SPX,Historical,In-Market,0,histgex
2026-01-07,09:30,SPX,Historical,In-Market,0,histgex
2026-01-07,10:00,SPX,Historical,In-Market,0,histgex
2026-01-07,10:30,SPX,Historical,In-Market,0,histgex
2026-01-07,11:00,SPX,Historical,In-Market,0,histgex
2026-01-07,11:30,SPX,Historical,In-Market,0,histgex
2026-01-07,12:00,SPX,Historical,In-Market,0,histgex
2026-01-07,12:30,SPX,Historical,In-Market,0,histgex
2026-01-07,13:00,SPX,Historical,In-Market,0,histgex
2026-01-07,13:30,SPX,Historical,In-Market,0,histgex
2026-01-07,14:00,SPX,Historical,In-Market,0,histgex
2026-01-07,14:30,SPX,Historical,In-Market,0,histgex
2026-01-07,15:00,SPX,Historical,In-Market,0,histgex
2026-01-07,15:30,SPX,Historical,In-Market,0,histgex
2026-01-06,09:30,SPX,Historical,In-Market,0,histgex
2026-01-06,10:00,SPX,Historical,In-Market,0,histgex
2026-01-06,10:30,SPX,Historical,In-Market,0,histgex
2026-01-06,11:00,SPX,Historical,In-Market,0,histgex
2026-01-06,11:30,SPX,Historical,In-Market,0,histgex
2026-01-06,12:00,SPX,Historical,In-Market,0,histgex
2026-01-06,12:30,SPX,Historical,In-Market,0,histgex
2026-01-06,13:00,SPX,Historical,In-Market,0,histgex
2026-01-06,13:30,SPX,Historical,In-Market,0,histgex
2026-01-06,14:00,SPX,Historical,In-Market,0,histgex
2026-01-06,14:30,SPX,Historical,In-Market,0,histgex
2026-01-06,15:00,SPX,Historical,In-Market,0,histgex
2026-01-06,15:30,SPX,Historical,In-Market,0,histgex
2026-01-05,09:30,SPX,Historical,In-Market,0,histgex
2026-01-05,10:00,SPX,Historical,In-Market,0,histgex
2026-01-05,10:30,SPX,Historical,In-Market,0,histgex
2026-01-05,11:00,SPX,Historical,In-Market,0,histgex
2026-01-05,11:30,SPX,Historical,In-Market,0,histgex
2026-01-05,12:00,SPX,Historical,In-Market,0,histgex
2026-01-05,12:30,SPX,Historical,In-Market,0,histgex
2026-01-05,13:00,SPX,Historical,In-Market,0,histgex
2026-01-05,13:30,SPX,Historical,In-Market,0,histgex
2026-01-05,14:00,SPX,Historical,In-Market,0,histgex
2026-01-05,14:30,SPX,Historical,In-Market,0,histgex
2026-01-05,15:00,SPX,Historical,In-Market,0,histgex
2026-01-05,15:30,SPX,Historical,In-Market,0,histgex
2026-01-02,09:30,SPX,Historical,In-Market,0,histgex
2026-01-02,10:00,SPX,Historical,In-Market,0,histgex
2026-01-02,10:30,SPX,Historical,In-Market,0,histgex
2026-01-02,11:00,SPX,Historical,In-Market,0,histgex
2026-01-02,11:30,SPX,Historical,In-Market,0,histgex
2026-01-02,12:00,SPX,Historical,In-Market,0,histgex
2026-01-02,12:30,SPX,Historical,In-Market,0,histgex
2026-01-02,13:00,SPX,Historical,In-Market,0,histgex
2026-01-02,13:30,SPX,Historical,In-Market,0,histgex
2026-01-02,14:00,SPX,Historical,In-Market,0,histgex
2026-01-02,14:30,SPX,Historical,In-Market,0,histgex
2026-01-02,15:00,SPX,Historical,In-Market,0,histgex
2026-01-02,15:30,SPX,Historical,In-Market,0,histgex
